,n_row,시도,시군구,생년,RFID구분,축종,품종,마릿수
0,1,충청남도,천안시,2015,내장형,개,시츄,62
1,2,충청남도,천안시,2015,내장형,개,실키테리어,1
2,3,충청남도,천안시,2015,외장형,개,아메리칸 코카 스파니엘,2
3,4,충청남도,천안시,2015,인식표,개,아메리칸 코카 스파니엘,1
4,5,충청남도,천안시,2015,내장형,개,아메리칸 코카 스파니엘,3
5,6,충청남도,천안시,2015,내장형,개,아메리칸 핏불 테리어,2
6,7,충청남도,천안시,2015,내장형,개,아메리칸불리,3
7,8,충청남도,천안시,2015,외장형,개,아키다,1
8,9,충청남도,천안시,2015,내장형,개,아키다,1
9,10,충청남도,천안시,2015,내장형,개,알라스칸 말라뮤트,1
10,11,충청남도,천안시,2015,외장형,개,올드 잉글리쉬 불독,2
11,12,충청남도,천안시,2015,인식표,개,올드 잉글리쉬 불독,2
12,13,충청남도,천안시,2015,내장형,개,올드 잉글리쉬 불독,2
13,14,충청남도,천안시,2015,내장형,개,올드 잉글리쉬 쉽독,2
14,15,충청남도,천안시,2015,내장형,개,와이마라너,1
15,16,충청남도,천안시,2015,외장형,개,요크셔 테리어,21
16,17,충청남도,천안시,2015,인식표,개,요크셔 테리어,13
17,18,충청남도,천안시,2015,내장형,개,요크셔 테리어,40
18,19,충청남도,천안시,2015,내장형,개,웨스트하이랜드화이트테리어,1
19,20,충청남도,천안시,2015,외장형,개,웰시 코기 카디건,1
20,21,충청남도,천안시,2015,내장형,개,웰시 코기 카디건,5
21,22,충청남도,천안시,2015,외장형,개,웰시 코기 펨브로크,8
22,23,충청남도,천안시,2015,인식표,개,웰시 코기 펨브로크,4
23,24,충청남도,천안시,2015,내장형,개,웰시 코기 펨브로크,20
24,25,충청남도,천안시,2015,인식표,개,이탈리안 그레이 하운드,2
25,26,충청남도,천안시,2015,내장형,개,이탈리안 그레이 하운드,1
26,27,충청남도,천안시,2015,인식표,개,잉글리쉬 스프링거 스파니엘,1
27,28,충청남도,천안시,2015,외장형,개,재패니즈 스피츠,4
28,29,충청남도,천안시,2015,인식표,개,재패니즈 스피츠,1
29,30,충청남도,천안시,2015,내장형,개,재패니즈 스피츠,1
30,31,충청남도,천안시,2015,내장형,개,저먼 셰퍼드 독,1
31,32,충청남도,천안시,2015,내장형,개,제주개,1
32,33,충청남도,천안시,2015,외장형,개,제페니즈칭,1
33,34,충청남도,천안시,2015,외장형,개,진도견,18
34,35,충청남도,천안시,2015,인식표,개,진도견,8
35,36,충청남도,천안시,2015,내장형,개,진도견,19
36,37,충청남도,천안시,2015,외장형,개,차우차우,1
37,38,충청남도,천안시,2015,내장형,개,차우차우,2
38,39,충청남도,천안시,2015,외장형,개,치와와,64
39,40,충청남도,천안시,2015,인식표,개,치와와,24
40,41,충청남도,천안시,2015,내장형,개,치와와,71
41,42,충청남도,천안시,2015,외장형,개,카네 코르소,1
42,43,충청남도,천안시,2015,내장형,개,카네 코르소,4
43,44,충청남도,천안시,2015,외장형,개,케언 테리어,1
44,45,충청남도,천안시,2015,외장형,개,코카 스파니엘,7
45,46,충청남도,천안시,2015,인식표,개,코카 스파니엘,2
46,47,충청남도,천안시,2015,내장형,개,코카 스파니엘,15
47,48,충청남도,천안시,2015,외장형,개,토이 푸들,18
48,49,충청남도,천안시,2015,인식표,개,토이 푸들,19
49,50,충청남도,천안시,2015,내장형,개,토이 푸들,19
50,51,충청남도,천안시,2019,내장형,개,올드 잉글리쉬 쉽독,4
51,52,충청남도,천안시,2019,외장형,개,요크셔 테리어,9
52,53,충청남도,천안시,2019,인식표,개,요크셔 테리어,9
53,54,충청남도,천안시,2019,내장형,개,요크셔 테리어,22
54,55,충청남도,천안시,2019,외장형,개,웨스트하이랜드화이트테리어,2
55,56,충청남도,천안시,2019,외장형,개,웰시 코기 카디건,8
56,57,충청남도,천안시,2019,인식표,개,웰시 코기 카디건,3
57,58,충청남도,천안시,2019,내장형,개,웰시 코기 카디건,9
58,59,충청남도,천안시,2019,외장형,개,웰시 코기 펨브로크,8
59,60,충청남도,천안시,2019,인식표,개,웰시 코기 펨브로크,8
60,61,충청남도,천안시,2019,내장형,개,웰시 코기 펨브로크,30
61,62,충청남도,천안시,2019,외장형,개,이탈리안 그레이 하운드,4
62,63,충청남도,천안시,2019,인식표,개,이탈리안 그레이 하운드,7
63,64,충청남도,천안시,2019,내장형,개,이탈리안 그레이 하운드,13
64,65,충청남도,천안시,2019,내장형,개,잉글리쉬 코카 스파니엘,1
65,66,충청남도,천안시,2019,외장형,개,잉글리쉬 포인터,1
66,67,충청남도,천안시,2019,내장형,개,잉글리쉬 포인터,2
67,68,충청남도,천안시,2019,외장형,개,재패니즈 스피츠,1
68,69,충청남도,천안시,2019,내장형,개,재패니즈 스피츠,1
69,70,충청남도,천안시,2019,외장형,개,저먼 셰퍼드 독,2
70,71,충청남도,천안시,2019,내장형,개,저먼 셰퍼드 독,3
71,72,충청남도,천안시,2019,내장형,개,제페니즈칭,1
72,73,충청남도,천안시,2019,외장형,개,진도견,25
73,74,충청남도,천안시,2019,인식표,개,진도견,34
74,75,충청남도,천안시,2019,내장형,개,진도견,58
75,76,충청남도,천안시,2019,외장형,개,차우차우,1
76,77,충청남도,천안시,2019,인식표,개,차우차우,1
77,78,충청남도,천안시,2019,내장형,개,차우차우,4
78,79,충청남도,천안시,2019,외장형,개,치와와,51
79,80,충청남도,천안시,2019,인식표,개,치와와,31
80,81,충청남도,천안시,2019,내장형,개,치와와,71
81,82,충청남도,천안시,2019,인식표,개,캐벌리어 킹 찰스 스파니엘,1
82,83,충청남도,천안시,2019,내장형,개,캐벌리어 킹 찰스 스파니엘,5
83,84,충청남도,천안시,2019,외장형,개,코카 스파니엘,3
84,85,충청남도,천안시,2019,인식표,개,코카 스파니엘,1
85,86,충청남도,천안시,2019,내장형,개,코카 스파니엘,8
86,87,충청남도,천안시,2019,외장형,개,코카시안오브차카,1
87,88,충청남도,천안시,2019,외장형,개,토이 푸들,26
88,89,충청남도,천안시,2019,인식표,개,토이 푸들,25
89,90,충청남도,천안시,2019,내장형,개,토이 푸들,36
90,91,충청남도,천안시,2019,외장형,개,파슨 러셀 테리어,1
91,92,충청남도,천안시,2019,내장형,개,팔렌,1
92,93,충청남도,천안시,2019,외장형,개,퍼그,1
93,94,충청남도,천안시,2019,인식표,개,퍼그,1
94,95,충청남도,천안시,2019,내장형,개,퍼그,7
95,96,충청남도,천안시,2019,외장형,개,페키니즈,3
96,97,충청남도,천안시,2019,인식표,개,페키니즈,1
97,98,충청남도,천안시,2019,내장형,개,페키니즈,9
98,99,충청남도,천안시,2019,외장형,개,페터데일테리어,1
99,100,충청남도,천안시,2019,외장형,개,포메라니안,113
100,101,충청남도,천안시,2023,외장형,개,미디엄 푸들,4
101,102,충청남도,천안시,2023,외장형,개,믹스견,467
102,103,충청남도,천안시,2023,내장형,개,믹스견,164
103,104,충청남도,천안시,2023,내장형,개,버니즈 마운틴 독,2
104,105,충청남도,천안시,2023,외장형,개,베들링턴 테리어,3
105,106,충청남도,천안시,2023,외장형,개,보더 콜리,13
106,107,충청남도,천안시,2023,내장형,개,보더 콜리,12
107,108,충청남도,천안시,2023,외장형,개,비글,3
108,109,충청남도,천안시,2023,외장형,개,비숑 프리제,339
109,110,충청남도,천안시,2023,내장형,개,비숑 프리제,54
110,111,충청남도,천안시,2023,외장형,개,빠삐용,1
111,112,충청남도,천안시,2023,외장형,개,사모예드,3
112,113,충청남도,천안시,2023,내장형,개,사모예드,2
113,114,충청남도,천안시,2023,외장형,개,샤페이,1
114,115,충청남도,천안시,2023,외장형,개,셔틀랜드 쉽독,1
115,116,충청남도,천안시,2023,내장형,개,셔틀랜드 쉽독,2
116,117,충청남도,천안시,2023,외장형,개,셰퍼드,1
117,118,충청남도,천안시,2023,내장형,개,셰퍼드,2
118,119,충청남도,천안시,2023,외장형,개,슈나우져,2
119,120,충청남도,천안시,2023,외장형,개,스코티쉬 테리어,1
120,121,충청남도,천안시,2023,외장형,개,스탠다드 푸들,3
121,122,충청남도,천안시,2023,내장형,개,스탠다드 푸들,1
122,123,충청남도,천안시,2023,외장형,개,스피츠,2
123,124,충청남도,천안시,2023,외장형,개,시바,41
124,125,충청남도,천안시,2023,내장형,개,시바,5
125,126,충청남도,천안시,2023,외장형,개,시베리안 허스키,3
126,127,충청남도,천안시,2023,내장형,개,시베리안 허스키,1
127,128,충청남도,천안시,2023,외장형,개,시츄,18
128,129,충청남도,천안시,2013,외장형,개,풍산견,9
129,130,충청남도,천안시,2013,내장형,개,풍산견,4
130,131,충청남도,천안시,2013,외장형,개,프렌치 불독,7
131,132,충청남도,천안시,2013,인식표,개,프렌치 불독,1
132,133,충청남도,천안시,2013,내장형,개,프렌치 불독,6
133,134,충청남도,천안시,2013,외장형,개,핏불테리어,1
134,135,충청남도,천안시,2013,외장형,개,화이트테리어,1
135,136,충청남도,천안시,2013,인식표,개,화이트테리어,1
136,137,충청남도,천안시,2013,내장형,개,화이트테리어,1
137,138,충청남도,천안시,2014,외장형,개,골든 리트리버,10
138,139,충청남도,천안시,2014,인식표,개,골든 리트리버,2
139,140,충청남도,천안시,2014,내장형,개,골든 리트리버,7
140,141,충청남도,천안시,2014,외장형,개,그레이트 피레니즈,1
141,142,충청남도,천안시,2014,내장형,개,그레이트 피레니즈,1
142,143,충청남도,천안시,2014,외장형,개,기타,12
143,144,충청남도,천안시,2014,인식표,개,기타,1
144,145,충청남도,천안시,2014,내장형,개,기타,7
145,146,충청남도,천안시,2014,내장형,개,꼬똥 드 뚤레아,1
146,147,충청남도,천안시,2014,외장형,개,닥스훈트,12
147,148,충청남도,천안시,2014,인식표,개,닥스훈트,7
148,149,충청남도,천안시,2014,내장형,개,닥스훈트,28
149,150,충청남도,천안시,2014,내장형,개,도고 까니리오,1
150,151,충청남도,천안시,2014,내장형,개,도고 아르젠티노,1
151,152,충청남도,천안시,2014,외장형,개,도베르만,2
152,153,충청남도,천안시,2014,인식표,개,도사,1
153,154,충청남도,천안시,2014,내장형,개,도사,2
154,155,충청남도,천안시,2014,외장형,개,라브라도 리트리버,7
155,156,충청남도,천안시,2014,인식표,개,라브라도 리트리버,5
156,157,충청남도,천안시,2014,내장형,개,라브라도 리트리버,18
157,158,충청남도,천안시,2014,인식표,개,라사 압소,1
158,159,충청남도,천안시,2014,외장형,개,로트와일러,3
159,160,충청남도,천안시,2014,내장형,개,로트와일러,1
160,161,충청남도,천안시,2014,인식표,개,말라뮤트,3
161,162,충청남도,천안시,2014,내장형,개,말라뮤트,2
162,163,충청남도,천안시,2014,외장형,개,말티즈,230
163,164,충청남도,천안시,2014,인식표,개,말티즈,107
164,165,충청남도,천안시,2014,내장형,개,말티즈,266
165,166,충청남도,천안시,2014,외장형,개,미니어쳐 닥스훈트,1
166,167,충청남도,천안시,2014,외장형,개,미니어쳐 슈나우저,4
167,168,충청남도,천안시,2014,내장형,개,미니어쳐 슈나우저,2
168,169,충청남도,천안시,2014,외장형,개,미니어쳐 푸들,9
169,170,충청남도,천안시,2014,인식표,개,미니어쳐 푸들,1
170,171,충청남도,천안시,2014,외장형,개,미니어쳐 핀셔,9
171,172,충청남도,천안시,2014,인식표,개,미니어쳐 핀셔,4
172,173,충청남도,천안시,2014,내장형,개,미니어쳐 핀셔,12
173,174,충청남도,천안시,2018,외장형,개,아메리칸불리,1
174,175,충청남도,천안시,2018,인식표,개,아메리칸불리,1
175,176,충청남도,천안시,2018,내장형,개,아메리칸불리,1
176,177,충청남도,천안시,2018,내장형,개,아프간 하운드,1
177,178,충청남도,천안시,2018,외장형,개,알라스칸 말라뮤트,1
178,179,충청남도,천안시,2011,내장형,개,잉글리쉬 코카 스파니엘,1
179,180,충청남도,천안시,2011,외장형,개,재패니즈 스피츠,1
180,181,충청남도,천안시,2011,내장형,개,재패니즈 스피츠,2
181,182,충청남도,천안시,2011,외장형,개,제페니즈칭,1
182,183,충청남도,천안시,2011,내장형,개,제페니즈칭,2
183,184,충청남도,천안시,2011,외장형,개,진도견,37
184,185,충청남도,천안시,2011,인식표,개,진도견,5
185,186,충청남도,천안시,2011,내장형,개,진도견,13
186,187,충청남도,천안시,2011,외장형,개,차우차우,1
187,188,충청남도,천안시,2011,외장형,개,차이니즈 크레스티드 독,1
188,189,충청남도,천안시,2011,외장형,개,치와와,34
189,190,충청남도,천안시,2011,인식표,개,치와와,6
190,191,충청남도,천안시,2011,내장형,개,치와와,22
191,192,충청남도,천안시,2011,외장형,개,코카 스파니엘,14
192,193,충청남도,천안시,2011,내장형,개,코카 스파니엘,7
193,194,충청남도,천안시,2011,외장형,개,토이 푸들,7
194,195,충청남도,천안시,2011,인식표,개,토이 푸들,5
195,196,충청남도,천안시,2011,내장형,개,토이 푸들,4
196,197,충청남도,천안시,2011,인식표,개,퍼그,1
197,198,충청남도,천안시,2011,내장형,개,퍼그,3
198,199,충청남도,천안시,2011,외장형,개,페키니즈,8
199,200,충청남도,천안시,2011,인식표,개,페키니즈,1
200,201,충청남도,천안시,2011,내장형,개,페키니즈,2
201,202,충청남도,천안시,2011,내장형,개,페터데일테리어,1
202,203,충청남도,천안시,2011,외장형,개,포메라니안,71
203,204,충청남도,천안시,2011,인식표,개,포메라니안,16
204,205,충청남도,천안시,2011,내장형,개,포메라니안,50
205,206,충청남도,천안시,2011,내장형,개,포인터,1
206,207,충청남도,천안시,2011,외장형,개,푸들,105
207,208,충청남도,천안시,2011,인식표,개,푸들,30
208,209,충청남도,천안시,2011,내장형,개,푸들,76
209,210,충청남도,천안시,2011,외장형,개,풍산견,3
210,211,충청남도,천안시,2011,내장형,개,풍산견,2
211,212,충청남도,천안시,2011,외장형,개,프렌치 불독,6
212,213,충청남도,천안시,2011,인식표,개,프렌치 불독,3
213,214,충청남도,천안시,2011,내장형,개,프렌치 불독,1
214,215,충청남도,천안시,2012,외장형,개,골든 리트리버,13
215,216,충청남도,천안시,2012,인식표,개,골든 리트리버,1
216,217,충청남도,천안시,2012,내장형,개,골든 리트리버,10
217,218,충청남도,천안시,2012,외장형,개,기타,5
218,219,충청남도,천안시,2012,인식표,개,기타,1
219,220,충청남도,천안시,2012,내장형,개,기타,3
220,221,충청남도,천안시,2012,외장형,개,닥스훈트,22
221,222,충청남도,천안시,2012,인식표,개,닥스훈트,6
222,223,충청남도,천안시,2012,내장형,개,닥스훈트,21
223,224,충청남도,천안시,2012,내장형,개,도고 까니리오,1
224,225,충청남도,천안시,2012,외장형,개,라브라도 리트리버,1
225,226,충청남도,천안시,2012,인식표,개,라브라도 리트리버,1
226,227,충청남도,천안시,2015,외장형,개,티베탄 마스티프,1
227,228,충청남도,천안시,2015,외장형,개,퍼그,3
228,229,충청남도,천안시,2015,인식표,개,퍼그,3
229,230,충청남도,천안시,2015,내장형,개,퍼그,4
230,231,충청남도,천안시,2015,외장형,개,페키니즈,3
231,232,충청남도,천안시,2015,인식표,개,페키니즈,4
232,233,충청남도,천안시,2015,내장형,개,페키니즈,5
233,234,충청남도,천안시,2015,외장형,개,페터데일테리어,1
234,235,충청남도,천안시,2015,내장형,개,페터데일테리어,3
235,236,충청남도,천안시,2015,외장형,개,포메라니안,80
236,237,충청남도,천안시,2015,인식표,개,포메라니안,47
237,238,충청남도,천안시,2015,내장형,개,포메라니안,156
238,239,충청남도,천안시,2015,외장형,개,푸들,142
239,240,충청남도,천안시,2015,인식표,개,푸들,71
240,241,충청남도,천안시,2015,내장형,개,푸들,289
241,242,충청남도,천안시,2015,외장형,개,풍산견,12
242,243,충청남도,천안시,2015,인식표,개,풍산견,1
243,244,충청남도,천안시,2015,내장형,개,풍산견,3
244,245,충청남도,천안시,2015,외장형,개,프렌치 불독,8
245,246,충청남도,천안시,2015,인식표,개,프렌치 불독,4
246,247,충청남도,천안시,2015,내장형,개,프렌치 불독,9
247,248,충청남도,천안시,2015,인식표,개,핏불테리어,1
248,249,충청남도,천안시,2015,내장형,개,화이트테리어,1
249,250,충청남도,천안시,2016,외장형,개,골든 리트리버,12
250,251,충청남도,천안시,2016,인식표,개,골든 리트리버,4
251,252,충청남도,천안시,2016,내장형,개,골든 리트리버,15
252,253,충청남도,천안시,2016,내장형,개,그레이 하운드,2
253,254,충청남도,천안시,2016,내장형,개,그레이트 피레니즈,1
254,255,충청남도,천안시,2016,외장형,개,기타,9
255,256,충청남도,천안시,2016,인식표,개,기타,2
256,257,충청남도,천안시,2016,내장형,개,기타,10
257,258,충청남도,천안시,2016,내장형,개,꼬똥 드 뚤레아,2
258,259,충청남도,천안시,2018,인식표,개,알라스칸 말라뮤트,1
259,260,충청남도,천안시,2018,내장형,개,알라스칸 말라뮤트,1
260,261,충청남도,천안시,2018,외장형,개,올드 잉글리쉬 불독,1
261,262,충청남도,천안시,2018,인식표,개,올드 잉글리쉬 불독,1
262,263,충청남도,천안시,2018,내장형,개,올드 잉글리쉬 불독,4
263,264,충청남도,천안시,2018,외장형,개,올드 잉글리쉬 쉽독,3
264,265,충청남도,천안시,2018,인식표,개,올드 잉글리쉬 쉽독,1
265,266,충청남도,천안시,2018,내장형,개,올드 잉글리쉬 쉽독,4
266,267,충청남도,천안시,2018,외장형,개,요크셔 테리어,15
267,268,충청남도,천안시,2018,인식표,개,요크셔 테리어,7
268,269,충청남도,천안시,2018,내장형,개,요크셔 테리어,23
269,270,충청남도,천안시,2018,외장형,개,웰시 코기 카디건,1
270,271,충청남도,천안시,2018,인식표,개,웰시 코기 카디건,2
271,272,충청남도,천안시,2018,내장형,개,웰시 코기 카디건,6
272,273,충청남도,천안시,2018,외장형,개,웰시 코기 펨브로크,17
273,274,충청남도,천안시,2018,인식표,개,웰시 코기 펨브로크,8
274,275,충청남도,천안시,2018,내장형,개,웰시 코기 펨브로크,42
275,276,충청남도,천안시,2018,외장형,개,이탈리안 그레이 하운드,2
276,277,충청남도,천안시,2018,인식표,개,이탈리안 그레이 하운드,5
277,278,충청남도,천안시,2018,내장형,개,이탈리안 그레이 하운드,6
278,279,충청남도,천안시,2018,외장형,개,잉글리쉬 세터,1
279,280,충청남도,천안시,2018,인식표,개,잉글리쉬 코카 스파니엘,1
280,281,충청남도,천안시,2018,외장형,개,재패니즈 스피츠,4
281,282,충청남도,천안시,2018,인식표,개,재패니즈 스피츠,2
282,283,충청남도,천안시,2018,내장형,개,재패니즈 스피츠,1
283,284,충청남도,천안시,2018,외장형,개,잭 러셀 테리어,1
284,285,충청남도,천안시,2018,인식표,개,잭 러셀 테리어,1
285,286,충청남도,천안시,2018,내장형,개,잭 러셀 테리어,3
286,287,충청남도,천안시,2018,내장형,개,저먼 셰퍼드 독,2
287,288,충청남도,천안시,2018,내장형,개,저먼 포인터,2
288,289,충청남도,천안시,2018,내장형,개,제페니즈칭,1
289,290,충청남도,천안시,2018,외장형,개,진도견,22
290,291,충청남도,천안시,2018,인식표,개,진도견,38
291,292,충청남도,천안시,2018,내장형,개,진도견,36
292,293,충청남도,천안시,2018,인식표,개,차우차우,2
293,294,충청남도,천안시,2018,내장형,개,차우차우,1
294,295,충청남도,천안시,2018,인식표,개,차이니즈 크레스티드 독,1
295,296,충청남도,천안시,2018,내장형,개,차이니즈 크레스티드 독,2
296,297,충청남도,천안시,2018,외장형,개,치와와,50
297,298,충청남도,천안시,2018,인식표,개,치와와,28
298,299,충청남도,천안시,2018,내장형,개,치와와,97
299,300,충청남도,천안시,2018,외장형,개,카네 코르소,3
300,301,충청남도,천안시,2018,내장형,개,카네 코르소,1
301,302,충청남도,천안시,2018,외장형,개,캐벌리어 킹 찰스 스파니엘,1
302,303,충청남도,천안시,2023,내장형,개,시츄,2
303,304,충청남도,천안시,2023,외장형,개,오스트랄리안 셰퍼드 독,1
304,305,충청남도,천안시,2023,외장형,개,올드 잉글리쉬 쉽독,1
305,306,충청남도,천안시,2023,내장형,개,올드 잉글리쉬 쉽독,1
306,307,충청남도,천안시,2023,외장형,개,요크셔 테리어,7
307,308,충청남도,천안시,2023,내장형,개,요크셔 테리어,3
308,309,충청남도,천안시,2023,내장형,개,웨스트하이랜드화이트테리어,1
309,310,충청남도,천안시,2023,내장형,개,웰시 코기 카디건,1
310,311,충청남도,천안시,2023,외장형,개,웰시 코기 펨브로크,19
311,312,충청남도,천안시,2023,내장형,개,웰시 코기 펨브로크,3
312,313,충청남도,천안시,2023,외장형,개,이탈리안 그레이 하운드,28
313,314,충청남도,천안시,2023,내장형,개,이탈리안 그레이 하운드,5
314,315,충청남도,천안시,2023,내장형,개,잉글리쉬 세터,1
315,316,충청남도,천안시,2023,외장형,개,저먼 셰퍼드 독,1
316,317,충청남도,천안시,2023,내장형,개,저먼 셰퍼드 독,6
317,318,충청남도,천안시,2023,외장형,개,진도견,6
318,319,충청남도,천안시,2023,내장형,개,진도견,29
319,320,충청남도,천안시,2023,외장형,개,차우차우,2
320,321,충청남도,천안시,2023,내장형,개,차우차우,1
321,322,충청남도,천안시,2023,내장형,개,차이니즈 크레스티드 독,1
322,323,충청남도,천안시,2023,외장형,개,치와와,37
323,324,충청남도,천안시,2023,내장형,개,치와와,6
324,325,충청남도,천안시,2023,외장형,개,캐벌리어 킹 찰스 스파니엘,2
325,326,충청남도,천안시,2023,외장형,개,코카 스파니엘,3
326,327,충청남도,천안시,2023,내장형,개,코카 스파니엘,1
327,328,충청남도,천안시,2023,외장형,개,토이 푸들,82
328,329,충청남도,천안시,2023,내장형,개,토이 푸들,5
329,330,충청남도,천안시,2023,외장형,개,페키니즈,4
330,331,충청남도,천안시,2023,내장형,개,페키니즈,3
331,332,충청남도,천안시,2023,외장형,개,포메라니안,262
332,333,충청남도,천안시,2023,내장형,개,포메라니안,25
333,334,충청남도,천안시,2023,외장형,개,푸들,181
334,335,충청남도,천안시,2023,내장형,개,푸들,30
335,336,충청남도,천안시,2023,내장형,개,풍산견,3
336,337,충청남도,천안시,2023,외장형,개,프렌치 불독,14
337,338,충청남도,천안시,2023,내장형,개,프렌치 불독,3
338,339,충청남도,천안시,2023,외장형,개,핏불테리어 믹스견,1
339,340,충청남도,천안시,2023,외장형,개,화이트테리어,1
340,341,충청남도,천안시,2023,내장형,개,휘펫,2
341,342,충청남도,천안시,2016,외장형,개,닥스훈트,24
342,343,충청남도,천안시,2016,인식표,개,닥스훈트,12
343,344,충청남도,천안시,2016,내장형,개,닥스훈트,42
344,345,충청남도,천안시,2016,인식표,개,달마시안,1
345,346,충청남도,천안시,2016,내장형,개,달마시안,1
346,347,충청남도,천안시,2016,인식표,개,도고 까니리오,1
347,348,충청남도,천안시,2016,내장형,개,도고 까니리오,2
348,349,충청남도,천안시,2016,내장형,개,도고 아르젠티노,1
349,350,충청남도,천안시,2016,내장형,개,도베르만,2
350,351,충청남도,천안시,2016,내장형,개,동경견,2
351,352,충청남도,천안시,2016,외장형,개,라브라도 리트리버,5
352,353,충청남도,천안시,2016,인식표,개,라브라도 리트리버,5
353,354,충청남도,천안시,2019,인식표,개,포메라니안,71
354,355,충청남도,천안시,2019,내장형,개,포메라니안,233
355,356,충청남도,천안시,2019,인식표,개,포인터,1
356,357,충청남도,천안시,2019,내장형,개,포인터,3
357,358,충청남도,천안시,2019,외장형,개,푸들,100
358,359,충청남도,천안시,2019,인식표,개,푸들,55
359,360,충청남도,천안시,2019,내장형,개,푸들,268
360,361,충청남도,천안시,2019,외장형,개,풍산견,4
361,362,충청남도,천안시,2019,인식표,개,풍산견,1
362,363,충청남도,천안시,2019,내장형,개,풍산견,2
363,364,충청남도,천안시,2019,인식표,개,프레사까나리오,2
364,365,충청남도,천안시,2019,외장형,개,프렌치 불독,19
365,366,충청남도,천안시,2019,인식표,개,프렌치 불독,5
366,367,충청남도,천안시,2019,내장형,개,프렌치 불독,30
367,368,충청남도,천안시,2019,인식표,개,필라 브라질레이로,1
368,369,충청남도,천안시,2019,인식표,개,핏불테리어,1
369,370,충청남도,천안시,2019,내장형,개,핏불테리어,1
370,371,충청남도,천안시,2019,인식표,개,화이트테리어,2
371,372,충청남도,천안시,2019,내장형,개,화이트테리어,2
372,373,충청남도,천안시,2019,인식표,개,휘펫,1
373,374,충청남도,천안시,2019,내장형,개,휘펫,1
374,375,충청남도,천안시,2020,외장형,개,골든 리트리버,13
375,376,충청남도,천안시,2020,인식표,개,골든 리트리버,5
376,377,충청남도,천안시,2020,내장형,개,골든 리트리버,28
377,378,충청남도,천안시,2020,외장형,개,그레이트 덴,1
378,379,충청남도,천안시,2020,외장형,개,기타,17
379,380,충청남도,천안시,2020,인식표,개,기타,1
380,381,충청남도,천안시,2020,내장형,개,기타,8
381,382,충청남도,천안시,2020,외장형,개,꼬똥 드 뚤레아,1
382,383,충청남도,천안시,2020,인식표,개,꼬똥 드 뚤레아,1
383,384,충청남도,천안시,2020,내장형,개,꼬똥 드 뚤레아,5
384,385,충청남도,천안시,2020,외장형,개,닥스훈트,19
385,386,충청남도,천안시,2020,인식표,개,닥스훈트,6
386,387,충청남도,천안시,2020,내장형,개,닥스훈트,19
387,388,충청남도,천안시,2020,외장형,개,달마시안,1
388,389,충청남도,천안시,2014,외장형,개,미디엄 푸들,2
389,390,충청남도,천안시,2014,인식표,개,미디엄 푸들,1
390,391,충청남도,천안시,2014,외장형,개,믹스견,117
391,392,충청남도,천안시,2014,인식표,개,믹스견,64
392,393,충청남도,천안시,2014,내장형,개,믹스견,110
393,394,충청남도,천안시,2014,외장형,개,베들링턴 테리어,1
394,395,충청남도,천안시,2014,인식표,개,베들링턴 테리어,1
395,396,충청남도,천안시,2014,내장형,개,베들링턴 테리어,1
396,397,충청남도,천안시,2014,내장형,개,벨기에 그로넨달,1
397,398,충청남도,천안시,2014,외장형,개,보더 콜리,2
398,399,충청남도,천안시,2014,인식표,개,보더 콜리,3
399,400,충청남도,천안시,2014,내장형,개,보더 콜리,4
400,401,충청남도,천안시,2014,외장형,개,보스턴 테리어,5
401,402,충청남도,천안시,2014,인식표,개,보스턴 테리어,1
402,403,충청남도,천안시,2014,내장형,개,보스턴 테리어,7
403,404,충청남도,천안시,2014,내장형,개,불 테리어,1
404,405,충청남도,천안시,2014,외장형,개,불독,1
405,406,충청남도,천안시,2014,내장형,개,불독,3
406,407,충청남도,천안시,2014,인식표,개,비글,1
407,408,충청남도,천안시,2014,내장형,개,비글,3
408,409,충청남도,천안시,2014,외장형,개,비숑 프리제,12
409,410,충청남도,천안시,2014,인식표,개,비숑 프리제,4
410,411,충청남도,천안시,2014,내장형,개,비숑 프리제,28
411,412,충청남도,천안시,2014,외장형,개,빠삐용,1
412,413,충청남도,천안시,2014,인식표,개,빠삐용,1
413,414,충청남도,천안시,2014,내장형,개,빠삐용,2
414,415,충청남도,천안시,2014,외장형,개,사모예드,2
415,416,충청남도,천안시,2014,인식표,개,사모예드,1
416,417,충청남도,천안시,2014,내장형,개,사모예드,6
417,418,충청남도,천안시,2014,외장형,개,삽살개,4
418,419,충청남도,천안시,2014,인식표,개,삽살개,1
419,420,충청남도,천안시,2014,내장형,개,삽살개,3
420,421,충청남도,천안시,2014,내장형,개,샤페이,1
421,422,충청남도,천안시,2014,외장형,개,셔틀랜드 쉽독,2
422,423,충청남도,천안시,2014,인식표,개,셔틀랜드 쉽독,1
423,424,충청남도,천안시,2014,내장형,개,셔틀랜드 쉽독,3
424,425,충청남도,천안시,2014,외장형,개,셰퍼드,1
425,426,충청남도,천안시,2014,내장형,개,셰퍼드,1
426,427,충청남도,천안시,2014,외장형,개,슈나우져,7
427,428,충청남도,천안시,2014,인식표,개,슈나우져,6
428,429,충청남도,천안시,2014,내장형,개,슈나우져,9
429,430,충청남도,천안시,2014,외장형,개,스탠다드 푸들,3
430,431,충청남도,천안시,2014,내장형,개,스탠다드 푸들,3
431,432,충청남도,천안시,2014,외장형,개,스피츠,39
432,433,충청남도,천안시,2014,인식표,개,스피츠,14
433,434,충청남도,천안시,2014,내장형,개,스피츠,60
434,435,충청남도,천안시,2014,외장형,개,시바,1
435,436,충청남도,천안시,2014,인식표,개,시바,2
436,437,충청남도,천안시,2014,내장형,개,시바,1
437,438,충청남도,천안시,2014,외장형,개,시베리안 허스키,3
438,439,충청남도,천안시,2014,내장형,개,시베리안 허스키,6
439,440,충청남도,천안시,2018,인식표,개,캐벌리어 킹 찰스 스파니엘,1
440,441,충청남도,천안시,2018,내장형,개,캐벌리어 킹 찰스 스파니엘,2
441,442,충청남도,천안시,2018,외장형,개,코카 스파니엘,8
442,443,충청남도,천안시,2018,인식표,개,코카 스파니엘,5
443,444,충청남도,천안시,2018,내장형,개,코카 스파니엘,6
444,445,충청남도,천안시,2018,외장형,개,토이 푸들,25
445,446,충청남도,천안시,2018,인식표,개,토이 푸들,15
446,447,충청남도,천안시,2018,내장형,개,토이 푸들,25
447,448,충청남도,천안시,2018,내장형,개,티베탄 마스티프,1
448,449,충청남도,천안시,2018,외장형,개,퍼그,3
449,450,충청남도,천안시,2018,인식표,개,퍼그,2
450,451,충청남도,천안시,2018,내장형,개,퍼그,11
451,452,충청남도,천안시,2018,외장형,개,페키니즈,4
452,453,충청남도,천안시,2018,인식표,개,페키니즈,3
453,454,충청남도,천안시,2018,내장형,개,페키니즈,5
454,455,충청남도,천안시,2018,외장형,개,포메라니안,94
455,456,충청남도,천안시,2018,인식표,개,포메라니안,68
456,457,충청남도,천안시,2018,내장형,개,포메라니안,229
457,458,충청남도,천안시,2018,내장형,개,포인터,4
458,459,충청남도,천안시,2018,외장형,개,푸들,111
459,460,충청남도,천안시,2018,인식표,개,푸들,79
460,461,충청남도,천안시,2018,내장형,개,푸들,335
461,462,충청남도,천안시,2018,외장형,개,풍산견,3
462,463,충청남도,천안시,2018,인식표,개,풍산견,2
463,464,충청남도,천안시,2018,내장형,개,풍산견,6
464,465,충청남도,천안시,2018,외장형,개,프렌치 불독,17
465,466,충청남도,천안시,2018,인식표,개,프렌치 불독,8
466,467,충청남도,천안시,2018,내장형,개,프렌치 불독,35
467,468,충청남도,천안시,2018,인식표,개,핏불테리어,1
468,469,충청남도,천안시,2018,내장형,개,핏불테리어,1
469,470,충청남도,천안시,2018,내장형,개,화이트테리어,2
470,471,충청남도,천안시,2018,인식표,개,휘펫,1
471,472,충청남도,천안시,2018,내장형,개,휘펫,1
472,473,충청남도,천안시,2019,외장형,개,골든 리트리버,11
473,474,충청남도,천안시,2024,외장형,개,믹스견,3
474,475,충청남도,천안시,2024,외장형,개,웰시 코기 펨브로크,1
475,476,충청남도,천안시,2024,내장형,개,진도견,1
476,477,충청남도,천안시,2024,외장형,개,포메라니안,1
477,478,충청남도,천안시,2016,내장형,개,라브라도 리트리버,15
478,479,충청남도,천안시,2016,외장형,개,라이카,2
479,480,충청남도,천안시,2016,내장형,개,로디지안 리즈백 ,1
480,481,충청남도,천안시,2016,외장형,개,마리노이즈,1
481,482,충청남도,천안시,2016,내장형,개,마리노이즈,1
482,483,충청남도,천안시,2016,외장형,개,말라뮤트,1
483,484,충청남도,천안시,2016,외장형,개,말티즈,164
484,485,충청남도,천안시,2016,인식표,개,말티즈,113
485,486,충청남도,천안시,2016,내장형,개,말티즈,295
486,487,충청남도,천안시,2016,외장형,개,맨체스터테리어,1
487,488,충청남도,천안시,2016,내장형,개,미니어쳐 불 테리어,1
488,489,충청남도,천안시,2016,내장형,개,미니어쳐 슈나우저,4
489,490,충청남도,천안시,2016,외장형,개,미니어쳐 푸들,3
490,491,충청남도,천안시,2016,인식표,개,미니어쳐 푸들,4
491,492,충청남도,천안시,2016,내장형,개,미니어쳐 푸들,6
492,493,충청남도,천안시,2016,외장형,개,미니어쳐 핀셔,6
493,494,충청남도,천안시,2016,인식표,개,미니어쳐 핀셔,1
494,495,충청남도,천안시,2016,내장형,개,미니어쳐 핀셔,11
495,496,충청남도,천안시,2016,외장형,개,미디엄 푸들,4
496,497,충청남도,천안시,2016,외장형,개,믹스견,109
497,498,충청남도,천안시,2016,인식표,개,믹스견,77
498,499,충청남도,천안시,2016,내장형,개,믹스견,227
499,500,충청남도,천안시,2016,내장형,개,버니즈 마운틴 독,2
500,501,충청남도,천안시,2016,외장형,개,베들링턴 테리어,2
501,502,충청남도,천안시,2016,인식표,개,베들링턴 테리어,1
502,503,충청남도,천안시,2016,내장형,개,베들링턴 테리어,4
503,504,충청남도,천안시,2016,내장형,개,벨기에 쉽독,1
504,505,충청남도,천안시,2016,외장형,개,보더 콜리,2
505,506,충청남도,천안시,2016,인식표,개,보더 콜리,4
506,507,충청남도,천안시,2016,내장형,개,보더 콜리,6
507,508,충청남도,천안시,2016,외장형,개,보스턴 테리어,5
508,509,충청남도,천안시,2016,인식표,개,보스턴 테리어,1
509,510,충청남도,천안시,2016,내장형,개,보스턴 테리어,16
510,511,충청남도,천안시,2016,내장형,개,불독,2
511,512,충청남도,천안시,2016,외장형,개,비글,2
512,513,충청남도,천안시,2016,인식표,개,비글,3
513,514,충청남도,천안시,2016,내장형,개,비글,5
514,515,충청남도,천안시,2016,외장형,개,비숑 프리제,33
515,516,충청남도,천안시,2016,인식표,개,비숑 프리제,19
516,517,충청남도,천안시,2016,내장형,개,비숑 프리제,109
517,518,충청남도,천안시,2016,외장형,개,빠삐용,3
518,519,충청남도,천안시,2016,인식표,개,빠삐용,3
519,520,충청남도,천안시,2016,내장형,개,빠삐용,7
520,521,충청남도,천안시,2016,인식표,개,사모예드,4
521,522,충청남도,천안시,2016,내장형,개,사모예드,6
522,523,충청남도,천안시,2016,인식표,개,삽살개,3
523,524,충청남도,천안시,2016,내장형,개,삽살개,1
524,525,충청남도,천안시,2016,외장형,개,샤페이,2
525,526,충청남도,천안시,2016,내장형,개,샤페이,1
526,527,충청남도,천안시,2016,외장형,개,셔틀랜드 쉽독,3
527,528,충청남도,천안시,2016,인식표,개,셔틀랜드 쉽독,1
528,529,충청남도,천안시,2020,외장형,개,도베르만,2
529,530,충청남도,천안시,2020,내장형,개,도베르만,4
530,531,충청남도,천안시,2020,외장형,개,라브라도 리트리버,11
531,532,충청남도,천안시,2020,인식표,개,라브라도 리트리버,8
532,533,충청남도,천안시,2020,내장형,개,라브라도 리트리버,27
533,534,충청남도,천안시,2020,외장형,개,라이카,12
534,535,충청남도,천안시,2020,내장형,개,라이카,1
535,536,충청남도,천안시,2020,내장형,개,로트와일러,1
536,537,충청남도,천안시,2020,외장형,개,마리노이즈,1
537,538,충청남도,천안시,2020,인식표,개,마리노이즈,1
538,539,충청남도,천안시,2020,내장형,개,마리노이즈,1
539,540,충청남도,천안시,2020,내장형,개,말라뮤트,2
540,541,충청남도,천안시,2020,외장형,개,말티즈,122
541,542,충청남도,천안시,2020,인식표,개,말티즈,35
542,543,충청남도,천안시,2020,내장형,개,말티즈,197
543,544,충청남도,천안시,2020,외장형,개,미니어쳐 푸들,6
544,545,충청남도,천안시,2020,인식표,개,미니어쳐 푸들,5
545,546,충청남도,천안시,2020,내장형,개,미니어쳐 푸들,2
546,547,충청남도,천안시,2020,외장형,개,미니어쳐 핀셔,1
547,548,충청남도,천안시,2020,내장형,개,미니어쳐 핀셔,1
548,549,충청남도,천안시,2020,외장형,개,미디엄 푸들,5
549,550,충청남도,천안시,2020,내장형,개,미디엄 푸들,1
550,551,충청남도,천안시,2020,외장형,개,믹스견,196
551,552,충청남도,천안시,2020,인식표,개,믹스견,57
552,553,충청남도,천안시,2020,내장형,개,믹스견,390
553,554,충청남도,천안시,2020,외장형,개,버니즈 마운틴 독,1
554,555,충청남도,천안시,2020,외장형,개,베들링턴 테리어,3
555,556,충청남도,천안시,2020,인식표,개,베들링턴 테리어,2
556,557,충청남도,천안시,2020,내장형,개,베들링턴 테리어,7
557,558,충청남도,천안시,2020,내장형,개,벨기에 쉽독,1
558,559,충청남도,천안시,2020,내장형,개,벨지안 셰퍼드 독,1
559,560,충청남도,천안시,2020,외장형,개,보더 콜리,13
560,561,충청남도,천안시,2020,인식표,개,보더 콜리,1
561,562,충청남도,천안시,2020,내장형,개,보더 콜리,24
562,563,충청남도,천안시,2020,외장형,개,보르조이,3
563,564,충청남도,천안시,2020,외장형,개,보스턴 테리어,2
564,565,충청남도,천안시,2020,인식표,개,보스턴 테리어,1
565,566,충청남도,천안시,2020,내장형,개,보스턴 테리어,3
566,567,충청남도,천안시,2020,내장형,개,브리타니 스파니엘,1
567,568,충청남도,천안시,2020,외장형,개,비숑 프리제,101
568,569,충청남도,천안시,2020,인식표,개,비숑 프리제,45
569,570,충청남도,천안시,2020,내장형,개,비숑 프리제,222
570,571,충청남도,천안시,2020,내장형,개,빠삐용,1
571,572,충청남도,천안시,2020,외장형,개,사모예드,3
572,573,충청남도,천안시,2020,인식표,개,사모예드,1
573,574,충청남도,천안시,2020,내장형,개,사모예드,4
574,575,충청남도,천안시,2020,내장형,개,삽살개,2
575,576,충청남도,천안시,2020,인식표,개,샤페이,1
576,577,충청남도,천안시,2020,내장형,개,샤페이,1
577,578,충청남도,천안시,2020,외장형,개,셔틀랜드 쉽독,4
578,579,충청남도,천안시,2020,내장형,개,셔틀랜드 쉽독,6
579,580,충청남도,천안시,2014,외장형,개,시츄,32
580,581,충청남도,천안시,2014,인식표,개,시츄,16
581,582,충청남도,천안시,2014,내장형,개,시츄,43
582,583,충청남도,천안시,2014,내장형,개,실키테리어,2
583,584,충청남도,천안시,2014,외장형,개,아메리칸 코카 스파니엘,1
584,585,충청남도,천안시,2014,내장형,개,아메리칸 코카 스파니엘,4
585,586,충청남도,천안시,2014,내장형,개,아메리칸 핏불 테리어,1
586,587,충청남도,천안시,2014,외장형,개,아메리칸불리,1
587,588,충청남도,천안시,2014,내장형,개,아메리칸불리,1
588,589,충청남도,천안시,2014,내장형,개,아키다,1
589,590,충청남도,천안시,2014,내장형,개,올드 잉글리쉬 불독,2
590,591,충청남도,천안시,2014,내장형,개,올드 잉글리쉬 쉽독,2
591,592,충청남도,천안시,2014,외장형,개,요크셔 테리어,21
592,593,충청남도,천안시,2014,인식표,개,요크셔 테리어,14
593,594,충청남도,천안시,2014,내장형,개,요크셔 테리어,41
594,595,충청남도,천안시,2014,외장형,개,웰시 코기 펨브로크,9
595,596,충청남도,천안시,2014,인식표,개,웰시 코기 펨브로크,2
596,597,충청남도,천안시,2014,내장형,개,웰시 코기 펨브로크,16
597,598,충청남도,천안시,2014,외장형,개,이탈리안 그레이 하운드,1
598,599,충청남도,천안시,2014,내장형,개,이탈리안 그레이 하운드,2
599,600,충청남도,천안시,2014,내장형,개,잉글리쉬 코카 스파니엘,1
600,601,충청남도,천안시,2014,인식표,개,잉글리쉬 포인터,1
601,602,충청남도,천안시,2014,외장형,개,재패니즈 스피츠,5
602,603,충청남도,천안시,2014,인식표,개,재패니즈 스피츠,2
603,604,충청남도,천안시,2014,내장형,개,재패니즈 스피츠,2
604,605,충청남도,천안시,2014,외장형,개,잭 러셀 테리어,1
605,606,충청남도,천안시,2014,내장형,개,잭 러셀 테리어,2
606,607,충청남도,천안시,2014,외장형,개,진도견,23
607,608,충청남도,천안시,2014,인식표,개,진도견,14
608,609,충청남도,천안시,2014,내장형,개,진도견,15
609,610,충청남도,천안시,2014,외장형,개,차우차우,2
610,611,충청남도,천안시,2014,내장형,개,차우차우,3
611,612,충청남도,천안시,2014,외장형,개,치와와,41
612,613,충청남도,천안시,2014,인식표,개,치와와,13
613,614,충청남도,천안시,2014,내장형,개,치와와,67
614,615,충청남도,천안시,2014,외장형,개,카네 코르소,2
615,616,충청남도,천안시,2014,인식표,개,카네 코르소,1
616,617,충청남도,천안시,2014,내장형,개,카네 코르소,2
617,618,충청남도,천안시,2014,내장형,개,캐벌리어 킹 찰스 스파니엘,1
618,619,충청남도,천안시,2014,외장형,개,코카 스파니엘,4
619,620,충청남도,천안시,2014,인식표,개,코카 스파니엘,2
620,621,충청남도,천안시,2014,내장형,개,코카 스파니엘,17
621,622,충청남도,천안시,2014,외장형,개,토이 푸들,18
622,623,충청남도,천안시,2014,인식표,개,토이 푸들,14
623,624,충청남도,천안시,2014,내장형,개,토이 푸들,23
624,625,충청남도,천안시,2014,인식표,개,퍼그,1
625,626,충청남도,천안시,2014,내장형,개,퍼그,3
626,627,충청남도,천안시,2014,외장형,개,페키니즈,7
627,628,충청남도,천안시,2014,인식표,개,페키니즈,3
628,629,충청남도,천안시,2016,내장형,개,셔틀랜드 쉽독,1
629,630,충청남도,천안시,2016,내장형,개,셰퍼드,2
630,631,충청남도,천안시,2016,외장형,개,슈나우져,1
631,632,충청남도,천안시,2016,인식표,개,슈나우져,1
632,633,충청남도,천안시,2016,내장형,개,슈나우져,7
633,634,충청남도,천안시,2016,외장형,개,스탠다드 푸들,1
634,635,충청남도,천안시,2016,내장형,개,스탠다드 푸들,6
635,636,충청남도,천안시,2016,외장형,개,스피츠,24
636,637,충청남도,천안시,2016,인식표,개,스피츠,11
637,638,충청남도,천안시,2016,내장형,개,스피츠,56
638,639,충청남도,천안시,2016,외장형,개,시바,3
639,640,충청남도,천안시,2016,인식표,개,시바,2
640,641,충청남도,천안시,2016,내장형,개,시바,18
641,642,충청남도,천안시,2016,외장형,개,시베리안 허스키,1
642,643,충청남도,천안시,2016,인식표,개,시베리안 허스키,1
643,644,충청남도,천안시,2016,내장형,개,시베리안 허스키,3
644,645,충청남도,천안시,2016,외장형,개,시츄,27
645,646,충청남도,천안시,2016,인식표,개,시츄,21
646,647,충청남도,천안시,2016,내장형,개,시츄,57
647,648,충청남도,천안시,2016,외장형,개,실키테리어,1
648,649,충청남도,천안시,2016,외장형,개,아메리칸 스태퍼드셔 테리어,1
649,650,충청남도,천안시,2016,외장형,개,아메리칸 코카 스파니엘,3
650,651,충청남도,천안시,2016,인식표,개,아메리칸 코카 스파니엘,1
651,652,충청남도,천안시,2016,내장형,개,아메리칸 코카 스파니엘,1
652,653,충청남도,천안시,2016,인식표,개,아메리칸 핏불 테리어,1
653,654,충청남도,천안시,2016,내장형,개,아메리칸 핏불 테리어,1
654,655,충청남도,천안시,2016,내장형,개,아키다,1
655,656,충청남도,천안시,2016,내장형,개,알라스칸 말라뮤트,1
656,657,충청남도,천안시,2016,내장형,개,오스트랄리안 셰퍼드 독,1
657,658,충청남도,천안시,2016,외장형,개,올드 잉글리쉬 불독,4
658,659,충청남도,천안시,2016,인식표,개,올드 잉글리쉬 불독,1
659,660,충청남도,천안시,2016,내장형,개,올드 잉글리쉬 불독,3
660,661,충청남도,천안시,2016,외장형,개,올드 잉글리쉬 쉽독,1
661,662,충청남도,천안시,2014,내장형,개,페키니즈,8
662,663,충청남도,천안시,2019,인식표,개,골든 리트리버,9
663,664,충청남도,천안시,2019,내장형,개,골든 리트리버,39
664,665,충청남도,천안시,2019,인식표,개,그레이 하운드,1
665,666,충청남도,천안시,2019,인식표,개,그레이트 덴,1
666,667,충청남도,천안시,2019,내장형,개,그레이트 덴,1
667,668,충청남도,천안시,2019,외장형,개,기타,13
668,669,충청남도,천안시,2019,인식표,개,기타,2
669,670,충청남도,천안시,2019,내장형,개,기타,7
670,671,충청남도,천안시,2019,외장형,개,꼬똥 드 뚤레아,2
671,672,충청남도,천안시,2019,인식표,개,꼬똥 드 뚤레아,4
672,673,충청남도,천안시,2019,내장형,개,꼬똥 드 뚤레아,5
673,674,충청남도,천안시,2019,외장형,개,닥스훈트,14
674,675,충청남도,천안시,2019,인식표,개,닥스훈트,12
675,676,충청남도,천안시,2019,내장형,개,닥스훈트,26
676,677,충청남도,천안시,2019,내장형,개,달마시안,2
677,678,충청남도,천안시,2019,인식표,개,도고 까니리오,1
678,679,충청남도,천안시,2019,내장형,개,도고 아르젠티노,1
679,680,충청남도,천안시,2019,외장형,개,도베르만,3
680,681,충청남도,천안시,2019,인식표,개,도베르만,2
681,682,충청남도,천안시,2019,내장형,개,도베르만,4
682,683,충청남도,천안시,2019,외장형,개,동경견,3
683,684,충청남도,천안시,2019,외장형,개,라브라도 리트리버,9
684,685,충청남도,천안시,2019,인식표,개,라브라도 리트리버,9
685,686,충청남도,천안시,2019,내장형,개,라브라도 리트리버,27
686,687,충청남도,천안시,2019,외장형,개,라이카,9
687,688,충청남도,천안시,2019,인식표,개,라이카,1
688,689,충청남도,천안시,2019,내장형,개,라이카,2
689,690,충청남도,천안시,2019,외장형,개,로트와일러,1
690,691,충청남도,천안시,2019,내장형,개,마리노이즈,3
691,692,충청남도,천안시,2019,내장형,개,말라뮤트,3
692,693,충청남도,천안시,2019,외장형,개,말티즈,122
693,694,충청남도,천안시,2019,인식표,개,말티즈,83
694,695,충청남도,천안시,2019,내장형,개,말티즈,242
695,696,충청남도,천안시,2019,외장형,개,미니어쳐 슈나우저,3
696,697,충청남도,천안시,2019,외장형,개,미니어쳐 푸들,15
697,698,충청남도,천안시,2019,인식표,개,미니어쳐 푸들,4
698,699,충청남도,천안시,2019,내장형,개,미니어쳐 푸들,3
699,700,충청남도,천안시,2019,외장형,개,미니어쳐 핀셔,3
700,701,충청남도,천안시,2019,내장형,개,미니어쳐 핀셔,2
701,702,충청남도,천안시,2019,외장형,개,미디엄 푸들,4
702,703,충청남도,천안시,2019,인식표,개,미디엄 푸들,1
703,704,충청남도,천안시,2019,내장형,개,미텔 스피츠,1
704,705,충청남도,천안시,2019,외장형,개,믹스견,142
705,706,충청남도,천안시,2019,인식표,개,믹스견,87
706,707,충청남도,천안시,2019,내장형,개,믹스견,318
707,708,충청남도,천안시,2019,인식표,개,베들링턴 테리어,2
708,709,충청남도,천안시,2019,내장형,개,베들링턴 테리어,6
709,710,충청남도,천안시,2019,내장형,개,벨기에 쉽독,1
710,711,충청남도,천안시,2019,외장형,개,보더 콜리,6
711,712,충청남도,천안시,2019,인식표,개,보더 콜리,3
712,713,충청남도,천안시,2019,내장형,개,보더 콜리,12
713,714,충청남도,천안시,2016,내장형,개,올드 잉글리쉬 쉽독,1
714,715,충청남도,천안시,2016,내장형,개,와이어 폭스 테리어,1
715,716,충청남도,천안시,2016,외장형,개,요크셔 테리어,21
716,717,충청남도,천안시,2016,인식표,개,요크셔 테리어,12
717,718,충청남도,천안시,2016,내장형,개,요크셔 테리어,44
718,719,충청남도,천안시,2016,외장형,개,웰시 코기 카디건,2
719,720,충청남도,천안시,2016,내장형,개,웰시 코기 카디건,2
720,721,충청남도,천안시,2016,외장형,개,웰시 코기 펨브로크,11
721,722,충청남도,천안시,2016,인식표,개,웰시 코기 펨브로크,6
722,723,충청남도,천안시,2016,내장형,개,웰시 코기 펨브로크,39
723,724,충청남도,천안시,2016,인식표,개,웰시 테리어,1
724,725,충청남도,천안시,2016,외장형,개,이탈리안 그레이 하운드,1
725,726,충청남도,천안시,2016,인식표,개,이탈리안 그레이 하운드,1
726,727,충청남도,천안시,2016,내장형,개,이탈리안 그레이 하운드,5
727,728,충청남도,천안시,2016,내장형,개,잉글리쉬 코카 스파니엘,2
728,729,충청남도,천안시,2016,외장형,개,재패니즈 스피츠,3
729,730,충청남도,천안시,2016,인식표,개,재패니즈 스피츠,2
730,731,충청남도,천안시,2020,인식표,개,셰퍼드,1
731,732,충청남도,천안시,2020,내장형,개,셰퍼드,2
732,733,충청남도,천안시,2020,외장형,개,슈나우져,1
733,734,충청남도,천안시,2020,인식표,개,스탠다드 푸들,2
734,735,충청남도,천안시,2020,내장형,개,스탠다드 푸들,1
735,736,충청남도,천안시,2020,외장형,개,스피츠,2
736,737,충청남도,천안시,2020,인식표,개,스피츠,3
737,738,충청남도,천안시,2020,내장형,개,스피츠,14
738,739,충청남도,천안시,2020,외장형,개,시바,24
739,740,충청남도,천안시,2020,인식표,개,시바,11
740,741,충청남도,천안시,2020,내장형,개,시바,42
741,742,충청남도,천안시,2020,외장형,개,시베리안 허스키,4
742,743,충청남도,천안시,2020,인식표,개,시베리안 허스키,2
743,744,충청남도,천안시,2020,내장형,개,시베리안 허스키,20
744,745,충청남도,천안시,2020,외장형,개,시츄,15
745,746,충청남도,천안시,2020,인식표,개,시츄,8
746,747,충청남도,천안시,2020,내장형,개,시츄,28
747,748,충청남도,천안시,2020,내장형,개,아메리칸 아키다,1
748,749,충청남도,천안시,2020,외장형,개,아메리칸 코카 스파니엘,2
749,750,충청남도,천안시,2020,내장형,개,아메리칸 핏불 테리어,2
750,751,충청남도,천안시,2020,인식표,개,아메리칸불리,1
751,752,충청남도,천안시,2020,내장형,개,아메리칸불리,1
752,753,충청남도,천안시,2020,내장형,개,아키다,1
753,754,충청남도,천안시,2020,내장형,개,오스트랄리안 캐틀 독,2
754,755,충청남도,천안시,2020,외장형,개,올드 잉글리쉬 불독,10
755,756,충청남도,천안시,2020,내장형,개,올드 잉글리쉬 불독,2
756,757,충청남도,천안시,2020,외장형,개,올드 잉글리쉬 쉽독,2
757,758,충청남도,천안시,2020,내장형,개,올드 잉글리쉬 쉽독,5
758,759,충청남도,천안시,2020,외장형,개,요크셔 테리어,13
759,760,충청남도,천안시,2020,인식표,개,요크셔 테리어,4
760,761,충청남도,천안시,2020,내장형,개,요크셔 테리어,16
761,762,충청남도,천안시,2020,내장형,개,울프독,1
762,763,충청남도,천안시,2020,외장형,개,웰시 코기 카디건,5
763,764,충청남도,천안시,2020,내장형,개,웰시 코기 카디건,4
764,765,충청남도,천안시,2020,외장형,개,웰시 코기 펨브로크,16
765,766,충청남도,천안시,2020,인식표,개,웰시 코기 펨브로크,2
766,767,충청남도,천안시,2020,내장형,개,웰시 코기 펨브로크,23
767,768,충청남도,천안시,2020,외장형,개,이탈리안 그레이 하운드,7
768,769,충청남도,천안시,2020,인식표,개,이탈리안 그레이 하운드,3
769,770,충청남도,천안시,2020,내장형,개,이탈리안 그레이 하운드,11
770,771,충청남도,천안시,2020,외장형,개,잭 러셀 테리어,2
771,772,충청남도,천안시,2020,내장형,개,저먼 포인터,1
772,773,충청남도,천안시,2020,외장형,개,진도견,32
773,774,충청남도,천안시,2020,인식표,개,진도견,8
774,775,충청남도,천안시,2020,내장형,개,진도견,54
775,776,충청남도,천안시,2020,외장형,개,차우차우,3
776,777,충청남도,천안시,2020,인식표,개,차우차우,1
777,778,충청남도,천안시,2020,내장형,개,차우차우,2
778,779,충청남도,천안시,2020,외장형,개,치와와,45
779,780,충청남도,천안시,2020,인식표,개,치와와,14
780,781,충청남도,천안시,2014,내장형,개,페터데일테리어,1
781,782,충청남도,천안시,2014,외장형,개,포메라니안,97
782,783,충청남도,천안시,2014,인식표,개,포메라니안,27
783,784,충청남도,천안시,2014,내장형,개,포메라니안,139
784,785,충청남도,천안시,2014,인식표,개,폭스테리어,1
785,786,충청남도,천안시,2014,외장형,개,푸들,128
786,787,충청남도,천안시,2014,인식표,개,푸들,70
787,788,충청남도,천안시,2014,내장형,개,푸들,228
788,789,충청남도,천안시,2014,외장형,개,풍산견,4
789,790,충청남도,천안시,2014,인식표,개,풍산견,1
790,791,충청남도,천안시,2014,내장형,개,풍산견,2
791,792,충청남도,천안시,2014,내장형,개,프레사까나리오,2
792,793,충청남도,천안시,2014,외장형,개,프렌치 불독,6
793,794,충청남도,천안시,2014,인식표,개,프렌치 불독,2
794,795,충청남도,천안시,2014,내장형,개,프렌치 불독,8
795,796,충청남도,천안시,2014,외장형,개,핏불테리어,1
796,797,충청남도,천안시,2014,내장형,개,휘펫,1
797,798,충청남도,천안시,2015,외장형,개,골든 리트리버,3
798,799,충청남도,천안시,2015,인식표,개,골든 리트리버,7
799,800,충청남도,천안시,2015,내장형,개,골든 리트리버,15
800,801,충청남도,천안시,2015,내장형,개,그레이트 덴,2
801,802,충청남도,천안시,2015,외장형,개,기타,2
802,803,충청남도,천안시,2015,인식표,개,기타,2
803,804,충청남도,천안시,2015,내장형,개,기타,4
804,805,충청남도,천안시,2015,외장형,개,꼬똥 드 뚤레아,1
805,806,충청남도,천안시,2015,외장형,개,닥스훈트,21
806,807,충청남도,천안시,2015,인식표,개,닥스훈트,7
807,808,충청남도,천안시,2015,내장형,개,닥스훈트,34
808,809,충청남도,천안시,2015,외장형,개,달마시안,1
809,810,충청남도,천안시,2015,내장형,개,도사,1
810,811,충청남도,천안시,2015,외장형,개,라브라도 리트리버,12
811,812,충청남도,천안시,2015,인식표,개,라브라도 리트리버,3
812,813,충청남도,천안시,2015,내장형,개,라브라도 리트리버,11
813,814,충청남도,천안시,2015,외장형,개,로디지안 리즈백 ,2
814,815,충청남도,천안시,2015,외장형,개,로트와일러,1
815,816,충청남도,천안시,2015,내장형,개,로트와일러,1
816,817,충청남도,천안시,2015,인식표,개,말라뮤트,1
817,818,충청남도,천안시,2015,내장형,개,말라뮤트,4
818,819,충청남도,천안시,2015,외장형,개,말티즈,206
819,820,충청남도,천안시,2015,인식표,개,말티즈,105
820,821,충청남도,천안시,2015,내장형,개,말티즈,321
821,822,충청남도,천안시,2015,외장형,개,미니어쳐 슈나우저,2
822,823,충청남도,천안시,2015,외장형,개,미니어쳐 푸들,4
823,824,충청남도,천안시,2015,인식표,개,미니어쳐 푸들,2
824,825,충청남도,천안시,2015,내장형,개,미니어쳐 푸들,5
825,826,충청남도,천안시,2015,외장형,개,미니어쳐 핀셔,8
826,827,충청남도,천안시,2016,내장형,개,재패니즈 스피츠,1
827,828,충청남도,천안시,2016,인식표,개,잭 러셀 테리어,1
828,829,충청남도,천안시,2016,내장형,개,잭 러셀 테리어,1
829,830,충청남도,천안시,2016,외장형,개,저먼 와이어헤어드 포인터,1
830,831,충청남도,천안시,2016,외장형,개,제페니즈칭,1
831,832,충청남도,천안시,2016,외장형,개,진도견,28
832,833,충청남도,천안시,2016,인식표,개,진도견,20
833,834,충청남도,천안시,2016,내장형,개,진도견,36
834,835,충청남도,천안시,2016,내장형,개,차우차우,2
835,836,충청남도,천안시,2016,외장형,개,치와와,36
836,837,충청남도,천안시,2016,인식표,개,치와와,34
837,838,충청남도,천안시,2016,내장형,개,치와와,95
838,839,충청남도,천안시,2016,인식표,개,카네 코르소,4
839,840,충청남도,천안시,2016,내장형,개,카네 코르소,4
840,841,충청남도,천안시,2016,내장형,개,캐벌리어 킹 찰스 스파니엘,1
841,842,충청남도,천안시,2016,외장형,개,코카 스파니엘,6
842,843,충청남도,천안시,2016,인식표,개,코카 스파니엘,5
843,844,충청남도,천안시,2016,내장형,개,코카 스파니엘,9
844,845,충청남도,천안시,2016,인식표,개,코카 푸,1
845,846,충청남도,천안시,2016,인식표,개,콜리,1
846,847,충청남도,천안시,2016,외장형,개,토이 푸들,18
847,848,충청남도,천안시,2016,인식표,개,토이 푸들,10
848,849,충청남도,천안시,2016,내장형,개,토이 푸들,28
849,850,충청남도,천안시,2016,인식표,개,티베탄 마스티프,2
850,851,충청남도,천안시,2016,외장형,개,퍼그,5
851,852,충청남도,천안시,2016,인식표,개,퍼그,1
852,853,충청남도,천안시,2016,내장형,개,퍼그,6
853,854,충청남도,천안시,2016,외장형,개,페키니즈,5
854,855,충청남도,천안시,2016,인식표,개,페키니즈,5
855,856,충청남도,천안시,2016,내장형,개,페키니즈,7
856,857,충청남도,천안시,2016,외장형,개,포메라니안,105
857,858,충청남도,천안시,2016,인식표,개,포메라니안,53
858,859,충청남도,천안시,2016,내장형,개,포메라니안,211
859,860,충청남도,천안시,2016,인식표,개,포인터,1
860,861,충청남도,천안시,2016,외장형,개,푸들,145
861,862,충청남도,천안시,2016,인식표,개,푸들,89
862,863,충청남도,천안시,2016,내장형,개,푸들,330
863,864,충청남도,천안시,2016,외장형,개,풍산견,2
864,865,충청남도,천안시,2016,인식표,개,풍산견,6
865,866,충청남도,천안시,2016,내장형,개,풍산견,3
866,867,충청남도,천안시,2016,외장형,개,프렌치 불독,12
867,868,충청남도,천안시,2016,인식표,개,프렌치 불독,5
868,869,충청남도,천안시,2016,내장형,개,프렌치 불독,18
869,870,충청남도,천안시,2016,내장형,개,핏불테리어,1
870,871,충청남도,천안시,2016,외장형,개,휘펫,1
871,872,충청남도,천안시,2016,내장형,개,휘펫,3
872,873,충청남도,천안시,2020,내장형,개,치와와,50
873,874,충청남도,천안시,2020,외장형,개,카네 코르소,1
874,875,충청남도,천안시,2020,내장형,개,캐벌리어 킹 찰스 스파니엘,1
875,876,충청남도,천안시,2020,외장형,개,코카 스파니엘,1
876,877,충청남도,천안시,2020,인식표,개,코카 스파니엘,1
877,878,충청남도,천안시,2020,내장형,개,코카 스파니엘,4
878,879,충청남도,천안시,2020,내장형,개,코카 푸,1
879,880,충청남도,천안시,2020,외장형,개,코카시안오브차카,1
880,881,충청남도,천안시,2020,외장형,개,콜리,1
881,882,충청남도,천안시,2020,내장형,개,콜리,1
882,883,충청남도,천안시,2020,외장형,개,토이 푸들,36
883,884,충청남도,천안시,2020,인식표,개,토이 푸들,29
884,885,충청남도,천안시,2020,내장형,개,토이 푸들,34
885,886,충청남도,천안시,2020,외장형,개,퍼그,5
886,887,충청남도,천안시,2020,인식표,개,퍼그,2
887,888,충청남도,천안시,2020,내장형,개,퍼그,3
888,889,충청남도,천안시,2020,외장형,개,페키니즈,1
889,890,충청남도,천안시,2020,인식표,개,페키니즈,4
890,891,충청남도,천안시,2020,내장형,개,페키니즈,4
891,892,충청남도,천안시,2020,외장형,개,포메라니안,153
892,893,충청남도,천안시,2020,인식표,개,포메라니안,42
893,894,충청남도,천안시,2020,내장형,개,포메라니안,212
894,895,충청남도,천안시,2020,인식표,개,폭스테리어,1
895,896,충청남도,천안시,2020,내장형,개,폭스테리어,2
896,897,충청남도,천안시,2020,외장형,개,푸들,101
897,898,충청남도,천안시,2020,인식표,개,푸들,26
898,899,충청남도,천안시,2020,내장형,개,푸들,236
899,900,충청남도,천안시,2020,외장형,개,풍산견,1
900,901,충청남도,천안시,2020,내장형,개,풍산견,5
901,902,충청남도,천안시,2020,외장형,개,프렌치 불독,18
902,903,충청남도,천안시,2020,인식표,개,프렌치 불독,11
903,904,충청남도,천안시,2020,내장형,개,프렌치 불독,37
904,905,충청남도,천안시,2020,내장형,개,피레니안 마운틴 독,1
905,906,충청남도,천안시,2020,외장형,개,휘펫,2
906,907,충청남도,천안시,2020,내장형,개,휘펫,1
907,908,충청남도,천안시,2020,외장형,개,,1
908,909,충청남도,천안시,2003,외장형,개,푸들,10
909,910,충청남도,천안시,2003,내장형,개,푸들,1
910,911,충청남도,천안시,2004,외장형,개,닥스훈트,2
911,912,충청남도,천안시,2004,내장형,개,라브라도 리트리버,1
912,913,충청남도,천안시,2004,외장형,개,말티즈,54
913,914,충청남도,천안시,2004,인식표,개,말티즈,7
914,915,충청남도,천안시,2004,내장형,개,말티즈,28
915,916,충청남도,천안시,2004,외장형,개,미니어쳐 슈나우저,1
916,917,충청남도,천안시,2004,내장형,개,미니어쳐 슈나우저,2
917,918,충청남도,천안시,2004,내장형,개,미니어쳐 푸들,1
918,919,충청남도,천안시,2004,외장형,개,미니어쳐 핀셔,6
919,920,충청남도,천안시,2004,인식표,개,미니어쳐 핀셔,2
920,921,충청남도,천안시,2004,내장형,개,미니어쳐 핀셔,2
921,922,충청남도,천안시,2004,외장형,개,믹스견,21
922,923,충청남도,천안시,2004,인식표,개,믹스견,3
923,924,충청남도,천안시,2004,내장형,개,믹스견,11
924,925,충청남도,천안시,2004,외장형,개,비글,2
925,926,충청남도,천안시,2004,외장형,개,비숑 프리제,1
926,927,충청남도,천안시,2004,내장형,개,비숑 프리제,2
927,928,충청남도,천안시,2004,외장형,개,빠삐용,1
928,929,충청남도,천안시,2004,외장형,개,슈나우져,9
929,930,충청남도,천안시,2004,인식표,개,슈나우져,2
930,931,충청남도,천안시,2004,내장형,개,슈나우져,2
931,932,충청남도,천안시,2004,외장형,개,시츄,49
932,933,충청남도,천안시,2004,인식표,개,시츄,7
933,934,충청남도,천안시,2004,내장형,개,시츄,11
934,935,충청남도,천안시,2004,외장형,개,실키테리어,1
935,936,충청남도,천안시,2004,외장형,개,아메리칸 코카 스파니엘,2
936,937,충청남도,천안시,2004,내장형,개,아메리칸 코카 스파니엘,1
937,938,충청남도,천안시,2004,외장형,개,올드 잉글리쉬 쉽독,1
938,939,충청남도,천안시,2004,외장형,개,요크셔 테리어,27
939,940,충청남도,천안시,2004,인식표,개,요크셔 테리어,3
940,941,충청남도,천안시,2004,내장형,개,요크셔 테리어,6
941,942,충청남도,천안시,2004,외장형,개,잉글리쉬 코카 스파니엘,2
942,943,충청남도,천안시,2004,내장형,개,잉글리쉬 코카 스파니엘,1
943,944,충청남도,천안시,2004,외장형,개,제페니즈칭,1
944,945,충청남도,천안시,2004,외장형,개,진도견,2
945,946,충청남도,천안시,2004,인식표,개,진도견,2
946,947,충청남도,천안시,2004,내장형,개,진도견,1
947,948,충청남도,천안시,2004,외장형,개,치와와,1
948,949,충청남도,천안시,2004,인식표,개,치와와,3
949,950,충청남도,천안시,2004,외장형,개,코카 스파니엘,6
950,951,충청남도,천안시,2004,내장형,개,코카 스파니엘,1
951,952,충청남도,천안시,2004,외장형,개,토이 푸들,1
952,953,충청남도,천안시,2004,내장형,개,토이 푸들,1
953,954,충청남도,천안시,2004,외장형,개,퍼그,1
954,955,충청남도,천안시,2004,외장형,개,페키니즈,3
955,956,충청남도,천안시,2004,내장형,개,페키니즈,4
956,957,충청남도,천안시,2004,외장형,개,포메라니안,1
957,958,충청남도,천안시,2004,내장형,개,포메라니안,1
958,959,충청남도,천안시,2017,외장형,개,골든 리트리버,11
959,960,충청남도,천안시,2017,인식표,개,골든 리트리버,6
960,961,충청남도,천안시,2017,내장형,개,골든 리트리버,22
961,962,충청남도,천안시,2017,인식표,개,그레이 하운드,4
962,963,충청남도,천안시,2017,인식표,개,그레이트 덴,1
963,964,충청남도,천안시,2017,인식표,개,그레이트 피레니즈,1
964,965,충청남도,천안시,2017,내장형,개,그레이트 피레니즈,1
965,966,충청남도,천안시,2017,외장형,개,기타,6
966,967,충청남도,천안시,2017,인식표,개,기타,2
967,968,충청남도,천안시,2017,내장형,개,기타,14
968,969,충청남도,천안시,2017,외장형,개,꼬똥 드 뚤레아,1
969,970,충청남도,천안시,2017,인식표,개,꼬똥 드 뚤레아,1
970,971,충청남도,천안시,2017,내장형,개,꼬똥 드 뚤레아,2
971,972,충청남도,천안시,2017,외장형,개,닥스훈트,28
972,973,충청남도,천안시,2017,인식표,개,닥스훈트,13
973,974,충청남도,천안시,2017,내장형,개,닥스훈트,41
974,975,충청남도,천안시,2017,외장형,개,달마시안,1
975,976,충청남도,천안시,2017,외장형,개,도베르만,1
976,977,충청남도,천안시,2017,인식표,개,도베르만,3
977,978,충청남도,천안시,2004,외장형,개,푸들,8
978,979,충청남도,천안시,2004,인식표,개,푸들,2
979,980,충청남도,천안시,2004,내장형,개,푸들,3
980,981,충청남도,천안시,2004,외장형,개,프렌치 불독,1
981,982,충청남도,천안시,2005,외장형,개,닥스훈트,3
982,983,충청남도,천안시,2005,내장형,개,닥스훈트,1
983,984,충청남도,천안시,2005,외장형,개,말티즈,69
984,985,충청남도,천안시,2005,인식표,개,말티즈,6
985,986,충청남도,천안시,2005,내장형,개,말티즈,30
986,987,충청남도,천안시,2005,외장형,개,미니어쳐 슈나우저,6
987,988,충청남도,천안시,2005,외장형,개,미니어쳐 핀셔,4
988,989,충청남도,천안시,2005,인식표,개,미니어쳐 핀셔,1
989,990,충청남도,천안시,2005,내장형,개,미니어쳐 핀셔,5
990,991,충청남도,천안시,2005,외장형,개,믹스견,20
991,992,충청남도,천안시,2005,인식표,개,믹스견,2
992,993,충청남도,천안시,2005,내장형,개,믹스견,5
993,994,충청남도,천안시,2005,외장형,개,베들링턴 테리어,1
994,995,충청남도,천안시,2005,외장형,개,비글,1
995,996,충청남도,천안시,2005,외장형,개,비숑 프리제,3
996,997,충청남도,천안시,2005,외장형,개,빠삐용,3
997,998,충청남도,천안시,2005,내장형,개,삽살개,1
998,999,충청남도,천안시,2005,외장형,개,셰퍼드,2
999,1000,충청남도,천안시,2005,외장형,개,슈나우져,12
1000,1001,충청남도,천안시,2005,인식표,개,슈나우져,2
1001,1002,충청남도,천안시,2005,내장형,개,슈나우져,2
1002,1003,충청남도,천안시,2005,외장형,개,스코티쉬 테리어,1
1003,1004,충청남도,천안시,2005,인식표,개,스탠다드 푸들,1
1004,1005,충청남도,천안시,2005,외장형,개,스피츠,1
1005,1006,충청남도,천안시,2005,외장형,개,시츄,36
1006,1007,충청남도,천안시,2005,인식표,개,시츄,9
1007,1008,충청남도,천안시,2005,내장형,개,시츄,16
1008,1009,충청남도,천안시,2005,외장형,개,알라스칸 말라뮤트,1
1009,1010,충청남도,천안시,2005,외장형,개,요크셔 테리어,33
1010,1011,충청남도,천안시,2005,인식표,개,요크셔 테리어,3
1011,1012,충청남도,천안시,2005,내장형,개,요크셔 테리어,10
1012,1013,충청남도,천안시,2005,외장형,개,제페니즈칭,1
1013,1014,충청남도,천안시,2005,외장형,개,진도견,1
1014,1015,충청남도,천안시,2005,인식표,개,진도견,1
1015,1016,충청남도,천안시,2005,외장형,개,치와와,5
1016,1017,충청남도,천안시,2005,인식표,개,치와와,1
1017,1018,충청남도,천안시,2005,내장형,개,치와와,1
1018,1019,충청남도,천안시,2005,외장형,개,코카 스파니엘,8
1019,1020,충청남도,천안시,2005,내장형,개,코카 스파니엘,2
1020,1021,충청남도,천안시,2017,내장형,개,도베르만,4
1021,1022,충청남도,천안시,2017,외장형,개,동경견,1
1022,1023,충청남도,천안시,2017,외장형,개,라브라도 리트리버,11
1023,1024,충청남도,천안시,2017,인식표,개,라브라도 리트리버,6
1024,1025,충청남도,천안시,2017,내장형,개,라브라도 리트리버,25
1025,1026,충청남도,천안시,2017,외장형,개,라이카,6
1026,1027,충청남도,천안시,2017,내장형,개,라이카,1
1027,1028,충청남도,천안시,2017,내장형,개,마스티프,1
1028,1029,충청남도,천안시,2017,인식표,개,말라뮤트,2
1029,1030,충청남도,천안시,2017,내장형,개,말라뮤트,4
1030,1031,충청남도,천안시,2017,외장형,개,말티즈,175
1031,1032,충청남도,천안시,2017,인식표,개,말티즈,115
1032,1033,충청남도,천안시,2017,내장형,개,말티즈,350
1033,1034,충청남도,천안시,2017,내장형,개,미니어쳐 닥스훈트,1
1034,1035,충청남도,천안시,2017,외장형,개,미니어쳐 슈나우저,3
1035,1036,충청남도,천안시,2017,내장형,개,미니어쳐 슈나우저,1
1036,1037,충청남도,천안시,2017,외장형,개,미니어쳐 푸들,8
1037,1038,충청남도,천안시,2017,인식표,개,미니어쳐 푸들,4
1038,1039,충청남도,천안시,2017,내장형,개,미니어쳐 푸들,6
1039,1040,충청남도,천안시,2017,외장형,개,미니어쳐 핀셔,7
1040,1041,충청남도,천안시,2017,인식표,개,미니어쳐 핀셔,4
1041,1042,충청남도,천안시,2017,내장형,개,미니어쳐 핀셔,12
1042,1043,충청남도,천안시,2017,외장형,개,미디엄 푸들,2
1043,1044,충청남도,천안시,2017,인식표,개,미디엄 푸들,4
1044,1045,충청남도,천안시,2021,외장형,개,골든 리트리버,41
1045,1046,충청남도,천안시,2021,내장형,개,골든 리트리버,20
1046,1047,충청남도,천안시,2021,내장형,개,그레이 하운드,1
1047,1048,충청남도,천안시,2021,외장형,개,그레이트 덴,1
1048,1049,충청남도,천안시,2021,외장형,개,기타,66
1049,1050,충청남도,천안시,2021,내장형,개,기타,5
1050,1051,충청남도,천안시,2021,외장형,개,꼬똥 드 뚤레아,1
1051,1052,충청남도,천안시,2021,내장형,개,꼬똥 드 뚤레아,3
1052,1053,충청남도,천안시,2021,외장형,개,닥스훈트,36
1053,1054,충청남도,천안시,2021,내장형,개,닥스훈트,8
1054,1055,충청남도,천안시,2021,외장형,개,도베르만,5
1055,1056,충청남도,천안시,2021,내장형,개,도베르만,2
1056,1057,충청남도,천안시,2021,외장형,개,동경견,2
1057,1058,충청남도,천안시,2021,외장형,개,라브라도 리트리버,20
1058,1059,충청남도,천안시,2021,내장형,개,라브라도 리트리버,22
1059,1060,충청남도,천안시,2021,내장형,개,라사 압소,2
1060,1061,충청남도,천안시,2021,내장형,개,라이카,1
1061,1062,충청남도,천안시,2021,내장형,개,로트와일러,2
1062,1063,충청남도,천안시,2021,외장형,개,마리노이즈,1
1063,1064,충청남도,천안시,2021,내장형,개,마리노이즈,3
1064,1065,충청남도,천안시,2021,외장형,개,마스티프,2
1065,1066,충청남도,천안시,2021,외장형,개,말라뮤트,5
1066,1067,충청남도,천안시,2021,내장형,개,말라뮤트,1
1067,1068,충청남도,천안시,2021,외장형,개,말티즈,200
1068,1069,충청남도,천안시,2021,내장형,개,말티즈,108
1069,1070,충청남도,천안시,2021,외장형,개,미니어쳐 닥스훈트,1
1070,1071,충청남도,천안시,2021,외장형,개,미니어쳐 슈나우저,2
1071,1072,충청남도,천안시,2021,내장형,개,미니어쳐 슈나우저,1
1072,1073,충청남도,천안시,2021,외장형,개,미니어쳐 푸들,16
1073,1074,충청남도,천안시,2021,내장형,개,미니어쳐 푸들,2
1074,1075,충청남도,천안시,2021,외장형,개,미니어쳐 핀셔,3
1075,1076,충청남도,천안시,2021,내장형,개,미니어쳐 핀셔,1
1076,1077,충청남도,천안시,2021,외장형,개,미디엄 푸들,2
1077,1078,충청남도,천안시,2021,외장형,개,믹스견,489
1078,1079,충청남도,천안시,2021,내장형,개,믹스견,428
1079,1080,충청남도,천안시,2021,외장형,개,버니즈 마운틴 독,1
1080,1081,충청남도,천안시,2021,외장형,개,베들링턴 테리어,5
1081,1082,충청남도,천안시,2021,내장형,개,베들링턴 테리어,2
1082,1083,충청남도,천안시,2021,외장형,개,보더 콜리,21
1083,1084,충청남도,천안시,2021,내장형,개,보더 콜리,19
1084,1085,충청남도,천안시,2021,외장형,개,보스턴 테리어,2
1085,1086,충청남도,천안시,2021,내장형,개,보스턴 테리어,2
1086,1087,충청남도,천안시,2021,외장형,개,불 테리어,1
1087,1088,충청남도,천안시,2021,외장형,개,불독,1
1088,1089,충청남도,천안시,2021,외장형,개,비글,4
1089,1090,충청남도,천안시,2021,내장형,개,비글,3
1090,1091,충청남도,천안시,2021,외장형,개,비숑 프리제,325
1091,1092,충청남도,천안시,2021,내장형,개,비숑 프리제,133
1092,1093,충청남도,천안시,2005,외장형,개,퍼그,2
1093,1094,충청남도,천안시,2005,외장형,개,페키니즈,4
1094,1095,충청남도,천안시,2005,내장형,개,페키니즈,1
1095,1096,충청남도,천안시,2005,외장형,개,포메라니안,5
1096,1097,충청남도,천안시,2005,내장형,개,포메라니안,2
1097,1098,충청남도,천안시,2005,외장형,개,푸들,9
1098,1099,충청남도,천안시,2005,인식표,개,푸들,1
1099,1100,충청남도,천안시,2005,내장형,개,푸들,6
1100,1101,충청남도,천안시,2005,내장형,개,풍산견,1
1101,1102,충청남도,천안시,2005,외장형,개,화이트테리어,1
1102,1103,충청남도,천안시,2006,외장형,개,닥스훈트,7
1103,1104,충청남도,천안시,2006,내장형,개,라브라도 리트리버,1
1104,1105,충청남도,천안시,2006,외장형,개,마리노이즈,1
1105,1106,충청남도,천안시,2006,외장형,개,말티즈,78
1106,1107,충청남도,천안시,2006,인식표,개,말티즈,13
1107,1108,충청남도,천안시,2006,내장형,개,말티즈,38
1108,1109,충청남도,천안시,2006,외장형,개,미니어쳐 닥스훈트,1
1109,1110,충청남도,천안시,2006,외장형,개,미니어쳐 슈나우저,1
1110,1111,충청남도,천안시,2006,내장형,개,미니어쳐 슈나우저,2
1111,1112,충청남도,천안시,2006,외장형,개,미니어쳐 푸들,1
1112,1113,충청남도,천안시,2006,내장형,개,미니어쳐 푸들,3
1113,1114,충청남도,천안시,2006,외장형,개,미니어쳐 핀셔,3
1114,1115,충청남도,천안시,2006,인식표,개,미니어쳐 핀셔,1
1115,1116,충청남도,천안시,2006,외장형,개,믹스견,32
1116,1117,충청남도,천안시,2006,인식표,개,믹스견,6
1117,1118,충청남도,천안시,2006,내장형,개,믹스견,7
1118,1119,충청남도,천안시,2006,외장형,개,베들링턴 테리어,1
1119,1120,충청남도,천안시,2006,인식표,개,보스턴 테리어,1
1120,1121,충청남도,천안시,2006,외장형,개,비글,2
1121,1122,충청남도,천안시,2006,내장형,개,비글,1
1122,1123,충청남도,천안시,2006,내장형,개,비숑 프리제,1
1123,1124,충청남도,천안시,2006,내장형,개,삽살개,1
1124,1125,충청남도,천안시,2006,외장형,개,슈나우져,12
1125,1126,충청남도,천안시,2006,내장형,개,슈나우져,4
1126,1127,충청남도,천안시,1989,내장형,개,믹스견,1
1127,1128,충청남도,천안시,1990,외장형,개,요크셔 테리어,1
1128,1129,충청남도,천안시,1992,외장형,개,푸들,1
1129,1130,충청남도,천안시,1993,외장형,개,말티즈,1
1130,1131,충청남도,천안시,1993,외장형,개,요크셔 테리어,1
1131,1132,충청남도,천안시,1995,외장형,개,말티즈,1
1132,1133,충청남도,천안시,1995,외장형,개,미니어쳐 핀셔,1
1133,1134,충청남도,천안시,1995,외장형,개,삽살개,1
1134,1135,충청남도,천안시,1995,외장형,개,슈나우져,1
1135,1136,충청남도,천안시,1996,외장형,개,말티즈,1
1136,1137,충청남도,천안시,1996,외장형,개,미니어쳐 핀셔,1
1137,1138,충청남도,천안시,1996,외장형,개,슈나우져,1
1138,1139,충청남도,천안시,1996,외장형,개,요크셔 테리어,1
1139,1140,충청남도,천안시,1996,내장형,개,코카 스파니엘,1
1140,1141,충청남도,천안시,1996,외장형,개,푸들,1
1141,1142,충청남도,천안시,1997,내장형,개,기타,1
1142,1143,충청남도,천안시,1997,외장형,개,믹스견,3
1143,1144,충청남도,천안시,1997,인식표,개,믹스견,1
1144,1145,충청남도,천안시,1997,외장형,개,요크셔 테리어,5
1145,1146,충청남도,천안시,1997,내장형,개,요크셔 테리어,1
1146,1147,충청남도,천안시,1997,인식표,개,웰시 코기 펨브로크,2
1147,1148,충청남도,천안시,1997,외장형,개,치와와,2
1148,1149,충청남도,천안시,1997,외장형,개,푸들,1
1149,1150,충청남도,천안시,1998,외장형,개,말티즈,1
1150,1151,충청남도,천안시,1998,외장형,개,믹스견,5
1151,1152,충청남도,천안시,1998,외장형,개,시츄,2
1152,1153,충청남도,천안시,1998,인식표,개,시츄,2
1153,1154,충청남도,천안시,2017,외장형,개,믹스견,130
1154,1155,충청남도,천안시,2017,인식표,개,믹스견,105
1155,1156,충청남도,천안시,2017,내장형,개,믹스견,277
1156,1157,충청남도,천안시,2017,외장형,개,버니즈 마운틴 독,1
1157,1158,충청남도,천안시,2017,외장형,개,베들링턴 테리어,1
1158,1159,충청남도,천안시,2017,인식표,개,베들링턴 테리어,1
1159,1160,충청남도,천안시,2017,내장형,개,베들링턴 테리어,3
1160,1161,충청남도,천안시,2017,인식표,개,벨기에 그로넨달,1
1161,1162,충청남도,천안시,2017,내장형,개,벨기에 그로넨달,1
1162,1163,충청남도,천안시,2017,외장형,개,보더 콜리,3
1163,1164,충청남도,천안시,2017,내장형,개,보더 콜리,9
1164,1165,충청남도,천안시,2017,외장형,개,보스턴 테리어,5
1165,1166,충청남도,천안시,2017,내장형,개,보스턴 테리어,17
1166,1167,충청남도,천안시,2017,내장형,개,복서,1
1167,1168,충청남도,천안시,2017,내장형,개,불 테리어,2
1168,1169,충청남도,천안시,2017,외장형,개,불독,1
1169,1170,충청남도,천안시,2017,인식표,개,불독,1
1170,1171,충청남도,천안시,2017,내장형,개,불독,2
1171,1172,충청남도,천안시,2017,내장형,개,브리타니 스파니엘,2
1172,1173,충청남도,천안시,2017,외장형,개,비글,1
1173,1174,충청남도,천안시,2017,내장형,개,비글,9
1174,1175,충청남도,천안시,2017,외장형,개,비숑 프리제,59
1175,1176,충청남도,천안시,2017,인식표,개,비숑 프리제,29
1176,1177,충청남도,천안시,2017,내장형,개,비숑 프리제,128
1177,1178,충청남도,천안시,2017,외장형,개,빠삐용,3
1178,1179,충청남도,천안시,2017,내장형,개,빠삐용,7
1179,1180,충청남도,천안시,2017,외장형,개,사모예드,1
1180,1181,충청남도,천안시,2017,내장형,개,사모예드,7
1181,1182,충청남도,천안시,2017,외장형,개,삽살개,3
1182,1183,충청남도,천안시,2017,내장형,개,삽살개,3
1183,1184,충청남도,천안시,2017,외장형,개,샤페이,2
1184,1185,충청남도,천안시,2017,인식표,개,샤페이,3
1185,1186,충청남도,천안시,2017,내장형,개,샤페이,3
1186,1187,충청남도,천안시,2017,내장형,개,세인트 버나드,2
1187,1188,충청남도,천안시,2017,내장형,개,센트럴 아시안 오브차카,1
1188,1189,충청남도,천안시,2017,외장형,개,셔틀랜드 쉽독,4
1189,1190,충청남도,천안시,2017,인식표,개,셔틀랜드 쉽독,2
1190,1191,충청남도,천안시,2017,내장형,개,셔틀랜드 쉽독,8
1191,1192,충청남도,천안시,2017,외장형,개,셰퍼드,1
1192,1193,충청남도,천안시,2017,인식표,개,셰퍼드,1
1193,1194,충청남도,천안시,2017,내장형,개,셰퍼드,4
1194,1195,충청남도,천안시,2017,외장형,개,슈나우져,1
1195,1196,충청남도,천안시,2017,인식표,개,슈나우져,5
1196,1197,충청남도,천안시,2017,내장형,개,슈나우져,9
1197,1198,충청남도,천안시,2017,내장형,개,스코티쉬 테리어,2
1198,1199,충청남도,천안시,2017,외장형,개,스탠다드 푸들,2
1199,1200,충청남도,천안시,2017,인식표,개,스탠다드 푸들,2
1200,1201,충청남도,천안시,2017,내장형,개,스탠다드 푸들,6
1201,1202,충청남도,천안시,2017,외장형,개,스피츠,16
1202,1203,충청남도,천안시,2017,인식표,개,스피츠,10
1203,1204,충청남도,천안시,2017,내장형,개,스피츠,62
1204,1205,충청남도,천안시,2021,외장형,개,빠삐용,2
1205,1206,충청남도,천안시,2021,내장형,개,빠삐용,2
1206,1207,충청남도,천안시,2021,외장형,개,사모예드,7
1207,1208,충청남도,천안시,2021,내장형,개,사모예드,8
1208,1209,충청남도,천안시,2021,외장형,개,삽살개,1
1209,1210,충청남도,천안시,2021,내장형,개,삽살개,3
1210,1211,충청남도,천안시,2021,외장형,개,샤페이,1
1211,1212,충청남도,천안시,2021,외장형,개,셔틀랜드 쉽독,8
1212,1213,충청남도,천안시,2021,내장형,개,셔틀랜드 쉽독,2
1213,1214,충청남도,천안시,2021,외장형,개,셰퍼드,2
1214,1215,충청남도,천안시,2021,내장형,개,셰퍼드,2
1215,1216,충청남도,천안시,2021,내장형,개,슈나우져,1
1216,1217,충청남도,천안시,2021,외장형,개,스코티쉬 테리어,1
1217,1218,충청남도,천안시,2021,외장형,개,스탠다드 푸들,8
1218,1219,충청남도,천안시,2021,내장형,개,스탠다드 푸들,4
1219,1220,충청남도,천안시,2021,외장형,개,스피츠,14
1220,1221,충청남도,천안시,2021,내장형,개,스피츠,6
1221,1222,충청남도,천안시,2021,외장형,개,시바,74
1222,1223,충청남도,천안시,2021,내장형,개,시바,26
1223,1224,충청남도,천안시,2021,외장형,개,시베리안 허스키,8
1224,1225,충청남도,천안시,2021,내장형,개,시베리안 허스키,8
1225,1226,충청남도,천안시,2021,외장형,개,시츄,31
1226,1227,충청남도,천안시,2021,내장형,개,시츄,16
1227,1228,충청남도,천안시,2021,내장형,개,아키다,2
1228,1229,충청남도,천안시,2021,내장형,개,올드 잉글리쉬 불독,1
1229,1230,충청남도,천안시,2021,외장형,개,올드 잉글리쉬 쉽독,1
1230,1231,충청남도,천안시,2021,내장형,개,올드 잉글리쉬 쉽독,1
1231,1232,충청남도,천안시,2021,외장형,개,요크셔 테리어,11
1232,1233,충청남도,천안시,2021,내장형,개,요크셔 테리어,5
1233,1234,충청남도,천안시,2021,외장형,개,웰시 코기 카디건,22
1234,1235,충청남도,천안시,2021,내장형,개,웰시 코기 카디건,7
1235,1236,충청남도,천안시,2021,외장형,개,웰시 코기 펨브로크,47
1236,1237,충청남도,천안시,2021,내장형,개,웰시 코기 펨브로크,21
1237,1238,충청남도,천안시,2021,외장형,개,이탈리안 그레이 하운드,30
1238,1239,충청남도,천안시,2021,내장형,개,이탈리안 그레이 하운드,13
1239,1240,충청남도,천안시,2021,외장형,개,재패니즈 스피츠,3
1240,1241,충청남도,천안시,2021,외장형,개,잭 러셀 테리어,1
1241,1242,충청남도,천안시,2021,내장형,개,잭 러셀 테리어,1
1242,1243,충청남도,천안시,2021,외장형,개,진도견,26
1243,1244,충청남도,천안시,2006,외장형,개,스피츠,1
1244,1245,충청남도,천안시,2006,인식표,개,스피츠,1
1245,1246,충청남도,천안시,2006,외장형,개,시베리안 허스키,1
1246,1247,충청남도,천안시,2006,외장형,개,시츄,39
1247,1248,충청남도,천안시,2006,인식표,개,시츄,8
1248,1249,충청남도,천안시,2006,내장형,개,시츄,20
1249,1250,충청남도,천안시,2006,외장형,개,실키테리어,1
1250,1251,충청남도,천안시,2006,인식표,개,실키테리어,1
1251,1252,충청남도,천안시,2006,외장형,개,아프간 하운드,1
1252,1253,충청남도,천안시,2006,외장형,개,요크셔 테리어,39
1253,1254,충청남도,천안시,2006,인식표,개,요크셔 테리어,2
1254,1255,충청남도,천안시,2006,내장형,개,요크셔 테리어,6
1255,1256,충청남도,천안시,2006,외장형,개,웰시 코기 펨브로크,2
1256,1257,충청남도,천안시,2006,내장형,개,웰시 코기 펨브로크,1
1257,1258,충청남도,천안시,2006,외장형,개,진도견,6
1258,1259,충청남도,천안시,2006,외장형,개,차이니즈 크레스티드 독,2
1259,1260,충청남도,천안시,2006,외장형,개,치와와,4
1260,1261,충청남도,천안시,2006,인식표,개,치와와,1
1261,1262,충청남도,천안시,2006,내장형,개,치와와,3
1262,1263,충청남도,천안시,2006,외장형,개,캐벌리어 킹 찰스 스파니엘,3
1263,1264,충청남도,천안시,2006,외장형,개,코카 스파니엘,7
1264,1265,충청남도,천안시,2006,내장형,개,코카 스파니엘,2
1265,1266,충청남도,천안시,2006,외장형,개,토이 맨체스터 테리어,1
1266,1267,충청남도,천안시,2006,외장형,개,토이 푸들,2
1267,1268,충청남도,천안시,2006,인식표,개,토이 푸들,2
1268,1269,충청남도,천안시,2006,외장형,개,페키니즈,4
1269,1270,충청남도,천안시,2006,내장형,개,페키니즈,4
1270,1271,충청남도,천안시,2006,외장형,개,포메라니안,9
1271,1272,충청남도,천안시,2006,인식표,개,포메라니안,3
1272,1273,충청남도,천안시,2006,내장형,개,포메라니안,3
1273,1274,충청남도,천안시,2006,외장형,개,푸들,22
1274,1275,충청남도,천안시,2006,인식표,개,푸들,6
1275,1276,충청남도,천안시,2006,내장형,개,푸들,9
1276,1277,충청남도,천안시,2006,외장형,개,풍산견,1
1277,1278,충청남도,천안시,2006,외장형,개,화이트테리어,1
1278,1279,충청남도,천안시,2007,외장형,개,골든 리트리버,1
1279,1280,충청남도,천안시,2007,외장형,개,기타,3
1280,1281,충청남도,천안시,2007,내장형,개,꼬똥 드 뚤레아,1
1281,1282,충청남도,천안시,2007,외장형,개,닥스훈트,2
1282,1283,충청남도,천안시,2007,인식표,개,닥스훈트,1
1283,1284,충청남도,천안시,2007,내장형,개,닥스훈트,3
1284,1285,충청남도,천안시,2007,외장형,개,말티즈,105
1285,1286,충청남도,천안시,2007,인식표,개,말티즈,24
1286,1287,충청남도,천안시,2007,내장형,개,말티즈,42
1287,1288,충청남도,천안시,2007,외장형,개,미니어쳐 슈나우저,1
1288,1289,충청남도,천안시,2007,내장형,개,미니어쳐 푸들,1
1289,1290,충청남도,천안시,2007,외장형,개,미니어쳐 핀셔,8
1290,1291,충청남도,천안시,2007,인식표,개,미니어쳐 핀셔,1
1291,1292,충청남도,천안시,2007,내장형,개,미니어쳐 핀셔,2
1292,1293,충청남도,천안시,2007,외장형,개,믹스견,34
1293,1294,충청남도,천안시,2007,인식표,개,믹스견,9
1294,1295,충청남도,천안시,2007,내장형,개,믹스견,12
1295,1296,충청남도,천안시,2007,외장형,개,보스턴 테리어,1
1296,1297,충청남도,천안시,2007,외장형,개,불 테리어,1
1297,1298,충청남도,천안시,2007,외장형,개,불독,1
1298,1299,충청남도,천안시,2007,내장형,개,비글,1
1299,1300,충청남도,천안시,2007,외장형,개,비숑 프리제,1
1300,1301,충청남도,천안시,2007,인식표,개,비숑 프리제,1
1301,1302,충청남도,천안시,2007,내장형,개,비숑 프리제,2
1302,1303,충청남도,천안시,2007,외장형,개,빠삐용,1
1303,1304,충청남도,천안시,2007,내장형,개,빠삐용,1
1304,1305,충청남도,천안시,2007,내장형,개,삽살개,4
1305,1306,충청남도,천안시,2007,외장형,개,셔틀랜드 쉽독,1
1306,1307,충청남도,천안시,2007,외장형,개,슈나우져,8
1307,1308,충청남도,천안시,2007,인식표,개,슈나우져,3
1308,1309,충청남도,천안시,2007,내장형,개,슈나우져,4
1309,1310,충청남도,천안시,2007,외장형,개,스피츠,2
1310,1311,충청남도,천안시,2007,인식표,개,스피츠,1
1311,1312,충청남도,천안시,2007,내장형,개,스피츠,2
1312,1313,충청남도,천안시,2007,외장형,개,시츄,45
1313,1314,충청남도,천안시,2007,인식표,개,시츄,4
1314,1315,충청남도,천안시,2007,내장형,개,시츄,19
1315,1316,충청남도,천안시,2007,외장형,개,실키테리어,1
1316,1317,충청남도,천안시,2007,외장형,개,아메리칸 코카 스파니엘,1
1317,1318,충청남도,천안시,2007,내장형,개,아메리칸 코카 스파니엘,1
1318,1319,충청남도,천안시,2007,외장형,개,아키다,1
1319,1320,충청남도,천안시,2007,외장형,개,아프간 하운드,1
1320,1321,충청남도,천안시,1998,외장형,개,요크셔 테리어,5
1321,1322,충청남도,천안시,1998,외장형,개,진도견,1
1322,1323,충청남도,천안시,1998,외장형,개,치와와,1
1323,1324,충청남도,천안시,1998,외장형,개,푸들,1
1324,1325,충청남도,천안시,1998,내장형,개,푸들,1
1325,1326,충청남도,천안시,1999,외장형,개,말티즈,1
1326,1327,충청남도,천안시,1999,내장형,개,말티즈,2
1327,1328,충청남도,천안시,1999,인식표,개,미니어쳐 핀셔,1
1328,1329,충청남도,천안시,1999,외장형,개,믹스견,1
1329,1330,충청남도,천안시,1999,인식표,개,믹스견,1
1330,1331,충청남도,천안시,1999,외장형,개,시츄,5
1331,1332,충청남도,천안시,1999,외장형,개,요크셔 테리어,2
1332,1333,충청남도,천안시,1999,내장형,개,요크셔 테리어,2
1333,1334,충청남도,천안시,1999,인식표,개,진도견,1
1334,1335,충청남도,천안시,1999,외장형,개,치와와,1
1335,1336,충청남도,천안시,1999,외장형,개,퍼그,1
1336,1337,충청남도,천안시,1999,외장형,개,포메라니안,1
1337,1338,충청남도,천안시,1999,외장형,개,푸들,1
1338,1339,충청남도,천안시,1999,내장형,개,프렌치 불독,1
1339,1340,충청남도,천안시,2000,외장형,개,말티즈,25
1340,1341,충청남도,천안시,2000,내장형,개,말티즈,7
1341,1342,충청남도,천안시,2000,외장형,개,미니어쳐 핀셔,1
1342,1343,충청남도,천안시,2000,내장형,개,미니어쳐 핀셔,1
1343,1344,충청남도,천안시,2000,외장형,개,믹스견,8
1344,1345,충청남도,천안시,2000,내장형,개,믹스견,4
1345,1346,충청남도,천안시,2000,외장형,개,슈나우져,3
1346,1347,충청남도,천안시,2000,내장형,개,슈나우져,1
1347,1348,충청남도,천안시,2000,외장형,개,시츄,15
1348,1349,충청남도,천안시,2000,인식표,개,시츄,1
1349,1350,충청남도,천안시,2000,내장형,개,시츄,4
1350,1351,충청남도,천안시,2000,외장형,개,요크셔 테리어,8
1351,1352,충청남도,천안시,2000,인식표,개,요크셔 테리어,2
1352,1353,충청남도,천안시,2000,내장형,개,요크셔 테리어,3
1353,1354,충청남도,천안시,2000,외장형,개,진도견,1
1354,1355,충청남도,천안시,2000,내장형,개,퍼그,1
1355,1356,충청남도,천안시,2000,외장형,개,페키니즈,1
1356,1357,충청남도,천안시,2000,내장형,개,페키니즈,1
1357,1358,충청남도,천안시,2000,외장형,개,포메라니안,1
1358,1359,충청남도,천안시,2000,외장형,개,푸들,2
1359,1360,충청남도,천안시,2000,인식표,개,푸들,1
1360,1361,충청남도,천안시,2000,내장형,개,푸들,1
1361,1362,충청남도,천안시,2000,외장형,개,풍산견,1
1362,1363,충청남도,천안시,2000,외장형,개,핏불테리어,1
1363,1364,충청남도,천안시,2001,외장형,개,기타,2
1364,1365,충청남도,천안시,2001,인식표,개,기타,1
1365,1366,충청남도,천안시,2001,외장형,개,말티즈,21
1366,1367,충청남도,천안시,2001,인식표,개,말티즈,2
1367,1368,충청남도,천안시,2001,내장형,개,말티즈,8
1368,1369,충청남도,천안시,2001,외장형,개,미니어쳐 슈나우저,1
1369,1370,충청남도,천안시,2001,내장형,개,미니어쳐 푸들,1
1370,1371,충청남도,천안시,2001,외장형,개,미니어쳐 핀셔,3
1371,1372,충청남도,천안시,2001,내장형,개,미니어쳐 핀셔,1
1372,1373,충청남도,천안시,2021,내장형,개,진도견,68
1373,1374,충청남도,천안시,2021,내장형,개,차우차우,2
1374,1375,충청남도,천안시,2021,내장형,개,차이니즈 크레스티드 독,1
1375,1376,충청남도,천안시,2021,외장형,개,치와와,99
1376,1377,충청남도,천안시,2021,내장형,개,치와와,36
1377,1378,충청남도,천안시,2021,외장형,개,카네 코르소,2
1378,1379,충청남도,천안시,2021,외장형,개,캐벌리어 킹 찰스 스파니엘,5
1379,1380,충청남도,천안시,2021,내장형,개,캐벌리어 킹 찰스 스파니엘,2
1380,1381,충청남도,천안시,2021,외장형,개,코카 스파니엘,5
1381,1382,충청남도,천안시,2021,내장형,개,코카 스파니엘,1
1382,1383,충청남도,천안시,2021,외장형,개,콜리,1
1383,1384,충청남도,천안시,2012,외장형,개,시츄,72
1384,1385,충청남도,천안시,2012,인식표,개,시츄,19
1385,1386,충청남도,천안시,2012,내장형,개,시츄,61
1386,1387,충청남도,천안시,2012,외장형,개,실키테리어,2
1387,1388,충청남도,천안시,2012,내장형,개,실키테리어,1
1388,1389,충청남도,천안시,2012,외장형,개,아메리칸 코카 스파니엘,1
1389,1390,충청남도,천안시,2012,내장형,개,아메리칸 코카 스파니엘,2
1390,1391,충청남도,천안시,2012,외장형,개,올드 잉글리쉬 쉽독,1
1391,1392,충청남도,천안시,2012,인식표,개,올드 잉글리쉬 쉽독,3
1392,1393,충청남도,천안시,2012,내장형,개,올드 잉글리쉬 쉽독,2
1393,1394,충청남도,천안시,2012,외장형,개,요크셔 테리어,65
1394,1395,충청남도,천안시,2012,인식표,개,요크셔 테리어,6
1395,1396,충청남도,천안시,2012,내장형,개,요크셔 테리어,40
1396,1397,충청남도,천안시,2012,내장형,개,웰시 코기 카디건,1
1397,1398,충청남도,천안시,2012,외장형,개,웰시 코기 펨브로크,6
1398,1399,충청남도,천안시,2012,인식표,개,웰시 코기 펨브로크,2
1399,1400,충청남도,천안시,2012,내장형,개,웰시 코기 펨브로크,5
1400,1401,충청남도,천안시,2012,외장형,개,이탈리안 그레이 하운드,1
1401,1402,충청남도,천안시,2012,내장형,개,이탈리안 그레이 하운드,1
1402,1403,충청남도,천안시,2012,내장형,개,잉글리쉬 세터,1
1403,1404,충청남도,천안시,2012,내장형,개,잉글리쉬 코카 스파니엘,2
1404,1405,충청남도,천안시,2012,외장형,개,재패니즈 스피츠,4
1405,1406,충청남도,천안시,2012,외장형,개,잭 러셀 테리어,1
1406,1407,충청남도,천안시,2012,내장형,개,잭 러셀 테리어,1
1407,1408,충청남도,천안시,2012,내장형,개,저먼 셰퍼드 독,1
1408,1409,충청남도,천안시,2012,외장형,개,제페니즈칭,3
1409,1410,충청남도,천안시,2012,외장형,개,진도견,35
1410,1411,충청남도,천안시,2012,인식표,개,진도견,11
1411,1412,충청남도,천안시,2012,내장형,개,진도견,15
1412,1413,충청남도,천안시,2012,외장형,개,차우차우,1
1413,1414,충청남도,천안시,2012,인식표,개,차우차우,1
1414,1415,충청남도,천안시,2012,외장형,개,치와와,32
1415,1416,충청남도,천안시,2012,인식표,개,치와와,5
1416,1417,충청남도,천안시,2012,내장형,개,치와와,32
1417,1418,충청남도,천안시,2012,외장형,개,카네 코르소,1
1418,1419,충청남도,천안시,2012,외장형,개,코카 스파니엘,15
1419,1420,충청남도,천안시,2012,인식표,개,코카 스파니엘,3
1420,1421,충청남도,천안시,2012,내장형,개,코카 스파니엘,11
1421,1422,충청남도,천안시,2012,내장형,개,키슈,1
1422,1423,충청남도,천안시,2012,외장형,개,토이 푸들,16
1423,1424,충청남도,천안시,2012,인식표,개,토이 푸들,8
1424,1425,충청남도,천안시,2012,내장형,개,토이 푸들,10
1425,1426,충청남도,천안시,2012,외장형,개,퍼그,1
1426,1427,충청남도,천안시,2012,인식표,개,퍼그,1
1427,1428,충청남도,천안시,2012,내장형,개,퍼그,2
1428,1429,충청남도,천안시,2012,외장형,개,페키니즈,12
1429,1430,충청남도,천안시,2012,인식표,개,페키니즈,3
1430,1431,충청남도,천안시,2012,내장형,개,페키니즈,7
1431,1432,충청남도,천안시,2012,외장형,개,포메라니안,95
1432,1433,충청남도,천안시,2012,인식표,개,포메라니안,16
1433,1434,충청남도,천안시,2017,외장형,개,시바,9
1434,1435,충청남도,천안시,2017,인식표,개,시바,5
1435,1436,충청남도,천안시,2017,내장형,개,시바,35
1436,1437,충청남도,천안시,2017,외장형,개,시베리안 허스키,7
1437,1438,충청남도,천안시,2017,인식표,개,시베리안 허스키,4
1438,1439,충청남도,천안시,2017,내장형,개,시베리안 허스키,10
1439,1440,충청남도,천안시,2017,외장형,개,시츄,18
1440,1441,충청남도,천안시,2017,인식표,개,시츄,12
1441,1442,충청남도,천안시,2017,내장형,개,시츄,45
1442,1443,충청남도,천안시,2017,인식표,개,아메리칸 코카 스파니엘,1
1443,1444,충청남도,천안시,2017,내장형,개,아메리칸 코카 스파니엘,1
1444,1445,충청남도,천안시,2017,인식표,개,아메리칸 핏불 테리어,1
1445,1446,충청남도,천안시,2017,내장형,개,아메리칸 핏불 테리어,2
1446,1447,충청남도,천안시,2017,외장형,개,아메리칸불리,1
1447,1448,충청남도,천안시,2017,내장형,개,아메리칸불리,3
1448,1449,충청남도,천안시,2017,인식표,개,아키다,1
1449,1450,충청남도,천안시,2017,내장형,개,알라스칸 말라뮤트,1
1450,1451,충청남도,천안시,2017,내장형,개,오스트랄리안 셰퍼드 독,1
1451,1452,충청남도,천안시,2017,외장형,개,올드 잉글리쉬 불독,4
1452,1453,충청남도,천안시,2017,내장형,개,올드 잉글리쉬 불독,3
1453,1454,충청남도,천안시,2007,외장형,개,요크셔 테리어,39
1454,1455,충청남도,천안시,2007,인식표,개,요크셔 테리어,7
1455,1456,충청남도,천안시,2007,내장형,개,요크셔 테리어,17
1456,1457,충청남도,천안시,2007,외장형,개,웰시 코기 펨브로크,1
1457,1458,충청남도,천안시,2007,외장형,개,제페니즈칭,1
1458,1459,충청남도,천안시,2007,외장형,개,진도견,2
1459,1460,충청남도,천안시,2007,인식표,개,진도견,2
1460,1461,충청남도,천안시,2007,외장형,개,치와와,9
1461,1462,충청남도,천안시,2007,인식표,개,치와와,3
1462,1463,충청남도,천안시,2007,내장형,개,치와와,3
1463,1464,충청남도,천안시,2007,외장형,개,코카 스파니엘,6
1464,1465,충청남도,천안시,2007,인식표,개,코카 스파니엘,1
1465,1466,충청남도,천안시,2007,외장형,개,토이 푸들,2
1466,1467,충청남도,천안시,2007,인식표,개,토이 푸들,1
1467,1468,충청남도,천안시,2007,내장형,개,토이 푸들,2
1468,1469,충청남도,천안시,2007,외장형,개,퍼그,1
1469,1470,충청남도,천안시,2007,외장형,개,페키니즈,8
1470,1471,충청남도,천안시,2007,인식표,개,페키니즈,2
1471,1472,충청남도,천안시,2007,내장형,개,페키니즈,4
1472,1473,충청남도,천안시,2007,외장형,개,포메라니안,17
1473,1474,충청남도,천안시,2007,인식표,개,포메라니안,2
1474,1475,충청남도,천안시,2007,내장형,개,포메라니안,10
1475,1476,충청남도,천안시,2007,외장형,개,푸들,22
1476,1477,충청남도,천안시,2007,인식표,개,푸들,6
1477,1478,충청남도,천안시,2007,내장형,개,푸들,16
1478,1479,충청남도,천안시,2007,외장형,개,풍산견,2
1479,1480,충청남도,천안시,2007,내장형,개,풍산견,1
1480,1481,충청남도,천안시,2007,외장형,개,화이트테리어,1
1481,1482,충청남도,천안시,2007,내장형,개,휘펫,1
1482,1483,충청남도,천안시,2008,외장형,개,골든 리트리버,2
1483,1484,충청남도,천안시,2008,인식표,개,골든 리트리버,1
1484,1485,충청남도,천안시,2008,내장형,개,기타,1
1485,1486,충청남도,천안시,2008,외장형,개,꼬똥 드 뚤레아,1
1486,1487,충청남도,천안시,2008,내장형,개,꼬똥 드 뚤레아,1
1487,1488,충청남도,천안시,2008,외장형,개,닥스훈트,6
1488,1489,충청남도,천안시,2008,인식표,개,닥스훈트,1
1489,1490,충청남도,천안시,2008,내장형,개,닥스훈트,2
1490,1491,충청남도,천안시,2008,내장형,개,도베르만,1
1491,1492,충청남도,천안시,2008,내장형,개,도사,1
1492,1493,충청남도,천안시,2008,인식표,개,말라뮤트,1
1493,1494,충청남도,천안시,2008,외장형,개,말티즈,133
1494,1495,충청남도,천안시,2008,인식표,개,말티즈,26
1495,1496,충청남도,천안시,2008,내장형,개,말티즈,67
1496,1497,충청남도,천안시,2008,내장형,개,미니어쳐 슈나우저,2
1497,1498,충청남도,천안시,2008,외장형,개,미니어쳐 푸들,2
1498,1499,충청남도,천안시,2008,외장형,개,미니어쳐 핀셔,10
1499,1500,충청남도,천안시,2008,인식표,개,미니어쳐 핀셔,5
1500,1501,충청남도,천안시,2008,내장형,개,미니어쳐 핀셔,4
1501,1502,충청남도,천안시,2008,외장형,개,믹스견,37
1502,1503,충청남도,천안시,2008,인식표,개,믹스견,9
1503,1504,충청남도,천안시,2008,내장형,개,믹스견,20
1504,1505,충청남도,천안시,2008,외장형,개,비글,2
1505,1506,충청남도,천안시,2008,내장형,개,비글,1
1506,1507,충청남도,천안시,2008,내장형,개,빠삐용,1
1507,1508,충청남도,천안시,2008,내장형,개,사모예드,1
1508,1509,충청남도,천안시,2008,내장형,개,삽살개,4
1509,1510,충청남도,천안시,2008,외장형,개,셔틀랜드 쉽독,1
1510,1511,충청남도,천안시,2008,외장형,개,슈나우져,11
1511,1512,충청남도,천안시,2008,내장형,개,슈나우져,8
1512,1513,충청남도,천안시,2008,외장형,개,스피츠,6
1513,1514,충청남도,천안시,2008,내장형,개,스피츠,1
1514,1515,충청남도,천안시,2008,내장형,개,시베리안 허스키,1
1515,1516,충청남도,천안시,2008,외장형,개,시츄,54
1516,1517,충청남도,천안시,2008,인식표,개,시츄,6
1517,1518,충청남도,천안시,2008,내장형,개,시츄,36
1518,1519,충청남도,천안시,2008,외장형,개,아메리칸 코카 스파니엘,1
1519,1520,충청남도,천안시,2008,인식표,개,아메리칸 코카 스파니엘,1
1520,1521,충청남도,천안시,2008,내장형,개,아메리칸 코카 스파니엘,2
1521,1522,충청남도,천안시,2008,외장형,개,알라스칸 말라뮤트,1
1522,1523,충청남도,천안시,2008,외장형,개,요크셔 테리어,42
1523,1524,충청남도,천안시,2008,인식표,개,요크셔 테리어,9
1524,1525,충청남도,천안시,2008,내장형,개,요크셔 테리어,24
1525,1526,충청남도,천안시,2008,외장형,개,웰시 코기 펨브로크,1
1526,1527,충청남도,천안시,2008,내장형,개,웰시 코기 펨브로크,1
1527,1528,충청남도,천안시,2008,외장형,개,재패니즈 스피츠,1
1528,1529,충청남도,천안시,2008,내장형,개,재패니즈 스피츠,1
1529,1530,충청남도,천안시,2008,외장형,개,제페니즈칭,2
1530,1531,충청남도,천안시,2008,외장형,개,진도견,9
1531,1532,충청남도,천안시,2008,인식표,개,진도견,4
1532,1533,충청남도,천안시,2008,외장형,개,치와와,14
1533,1534,충청남도,천안시,2008,인식표,개,치와와,5
1534,1535,충청남도,천안시,2008,내장형,개,치와와,5
1535,1536,충청남도,천안시,2008,외장형,개,코카 스파니엘,6
1536,1537,충청남도,천안시,2008,인식표,개,코카 스파니엘,1
1537,1538,충청남도,천안시,2008,내장형,개,코카 스파니엘,3
1538,1539,충청남도,천안시,2008,외장형,개,토이 푸들,7
1539,1540,충청남도,천안시,2008,인식표,개,토이 푸들,2
1540,1541,충청남도,천안시,2008,내장형,개,토이 푸들,3
1541,1542,충청남도,천안시,2008,외장형,개,퍼그,1
1542,1543,충청남도,천안시,2008,외장형,개,페키니즈,6
1543,1544,충청남도,천안시,2008,내장형,개,페키니즈,3
1544,1545,충청남도,천안시,2008,외장형,개,포메라니안,13
1545,1546,충청남도,천안시,2001,외장형,개,믹스견,5
1546,1547,충청남도,천안시,2001,내장형,개,믹스견,3
1547,1548,충청남도,천안시,2001,내장형,개,보더 콜리,1
1548,1549,충청남도,천안시,2001,외장형,개,보스턴 테리어,1
1549,1550,충청남도,천안시,2001,외장형,개,비글,1
1550,1551,충청남도,천안시,2001,외장형,개,빠삐용,1
1551,1552,충청남도,천안시,2001,외장형,개,슈나우져,3
1552,1553,충청남도,천안시,2001,내장형,개,슈나우져,2
1553,1554,충청남도,천안시,2001,외장형,개,시츄,19
1554,1555,충청남도,천안시,2017,외장형,개,올드 잉글리쉬 쉽독,3
1555,1556,충청남도,천안시,2017,내장형,개,올드 잉글리쉬 쉽독,2
1556,1557,충청남도,천안시,2017,외장형,개,요크셔 테리어,19
1557,1558,충청남도,천안시,2017,인식표,개,요크셔 테리어,7
1558,1559,충청남도,천안시,2017,내장형,개,요크셔 테리어,29
1559,1560,충청남도,천안시,2017,외장형,개,웰시 코기 카디건,1
1560,1561,충청남도,천안시,2017,내장형,개,웰시 코기 카디건,1
1561,1562,충청남도,천안시,2017,외장형,개,웰시 코기 펨브로크,25
1562,1563,충청남도,천안시,2017,인식표,개,웰시 코기 펨브로크,7
1563,1564,충청남도,천안시,2017,내장형,개,웰시 코기 펨브로크,42
1564,1565,충청남도,천안시,2017,외장형,개,이탈리안 그레이 하운드,5
1565,1566,충청남도,천안시,2017,인식표,개,이탈리안 그레이 하운드,2
1566,1567,충청남도,천안시,2017,내장형,개,이탈리안 그레이 하운드,7
1567,1568,충청남도,천안시,2017,인식표,개,잉글리쉬 코카 스파니엘,1
1568,1569,충청남도,천안시,2017,외장형,개,재패니즈 스피츠,4
1569,1570,충청남도,천안시,2017,내장형,개,재패니즈 스피츠,2
1570,1571,충청남도,천안시,2017,외장형,개,잭 러셀 테리어,1
1571,1572,충청남도,천안시,2017,내장형,개,잭 러셀 테리어,3
1572,1573,충청남도,천안시,2017,인식표,개,제페니즈칭,1
1573,1574,충청남도,천안시,2017,내장형,개,제페니즈칭,1
1574,1575,충청남도,천안시,2017,외장형,개,진도견,28
1575,1576,충청남도,천안시,2017,인식표,개,진도견,17
1576,1577,충청남도,천안시,2017,내장형,개,진도견,42
1577,1578,충청남도,천안시,2017,인식표,개,차우차우,1
1578,1579,충청남도,천안시,2017,내장형,개,차우차우,1
1579,1580,충청남도,천안시,2017,외장형,개,치와와,49
1580,1581,충청남도,천안시,2017,인식표,개,치와와,19
1581,1582,충청남도,천안시,2017,내장형,개,치와와,99
1582,1583,충청남도,천안시,2017,외장형,개,카네 코르소,1
1583,1584,충청남도,천안시,2017,내장형,개,카네 코르소,1
1584,1585,충청남도,천안시,2021,외장형,개,토이 푸들,83
1585,1586,충청남도,천안시,2021,내장형,개,토이 푸들,15
1586,1587,충청남도,천안시,2021,외장형,개,퍼그,10
1587,1588,충청남도,천안시,2021,내장형,개,퍼그,2
1588,1589,충청남도,천안시,2021,외장형,개,페키니즈,2
1589,1590,충청남도,천안시,2021,내장형,개,페키니즈,2
1590,1591,충청남도,천안시,2021,외장형,개,페터데일테리어,1
1591,1592,충청남도,천안시,2021,외장형,개,포메라니안,378
1592,1593,충청남도,천안시,2021,내장형,개,포메라니안,104
1593,1594,충청남도,천안시,2021,외장형,개,폭스테리어,1
1594,1595,충청남도,천안시,2021,내장형,개,폭스테리어,1
1595,1596,충청남도,천안시,2021,외장형,개,푸들,271
1596,1597,충청남도,천안시,2021,내장형,개,푸들,131
1597,1598,충청남도,천안시,2021,외장형,개,풍산견,6
1598,1599,충청남도,천안시,2021,내장형,개,풍산견,4
1599,1600,충청남도,천안시,2021,외장형,개,프렌치 불독,35
1600,1601,충청남도,천안시,2021,내장형,개,프렌치 불독,23
1601,1602,충청남도,천안시,2021,외장형,개,화이트테리어,4
1602,1603,충청남도,천안시,2021,내장형,개,화이트테리어,1
1603,1604,충청남도,천안시,2021,외장형,개,휘펫,1
1604,1605,충청남도,천안시,2022,외장형,개,골든 리트리버,23
1605,1606,충청남도,천안시,2022,내장형,개,골든 리트리버,19
1606,1607,충청남도,천안시,2022,외장형,개,그레이 하운드,3
1607,1608,충청남도,천안시,2022,내장형,개,그레이트 덴,2
1608,1609,충청남도,천안시,2022,외장형,개,기타,30
1609,1610,충청남도,천안시,2022,내장형,개,기타,12
1610,1611,충청남도,천안시,2022,외장형,개,꼬똥 드 뚤레아,1
1611,1612,충청남도,천안시,2022,내장형,개,꼬똥 드 뚤레아,4
1612,1613,충청남도,천안시,2022,내장형,개,노퍽 테리어,1
1613,1614,충청남도,천안시,2022,외장형,개,닥스훈트,17
1614,1615,충청남도,천안시,2022,내장형,개,닥스훈트,7
1615,1616,충청남도,천안시,2022,외장형,개,도베르만,1
1616,1617,충청남도,천안시,2022,내장형,개,도베르만,4
1617,1618,충청남도,천안시,2022,외장형,개,라브라도 리트리버,21
1618,1619,충청남도,천안시,2022,내장형,개,라브라도 리트리버,8
1619,1620,충청남도,천안시,2012,내장형,개,포메라니안,80
1620,1621,충청남도,천안시,2008,인식표,개,포메라니안,2
1621,1622,충청남도,천안시,2008,내장형,개,포메라니안,10
1622,1623,충청남도,천안시,2008,내장형,개,포인터,1
1623,1624,충청남도,천안시,2008,외장형,개,푸들,38
1624,1625,충청남도,천안시,2008,인식표,개,푸들,16
1625,1626,충청남도,천안시,2008,내장형,개,푸들,27
1626,1627,충청남도,천안시,2008,내장형,개,풍산견,1
1627,1628,충청남도,천안시,2008,인식표,개,프렌치 불독,1
1628,1629,충청남도,천안시,2008,외장형,개,화이트테리어,1
1629,1630,충청남도,천안시,2009,외장형,개,골든 리트리버,2
1630,1631,충청남도,천안시,2010,인식표,개,코카 스파니엘,1
1631,1632,충청남도,천안시,2010,내장형,개,코카 스파니엘,6
1632,1633,충청남도,천안시,2010,외장형,개,토이 푸들,9
1633,1634,충청남도,천안시,2010,내장형,개,토이 푸들,5
1634,1635,충청남도,천안시,2010,외장형,개,퍼그,2
1635,1636,충청남도,천안시,2010,인식표,개,퍼그,1
1636,1637,충청남도,천안시,2010,내장형,개,퍼그,3
1637,1638,충청남도,천안시,2010,외장형,개,페키니즈,19
1638,1639,충청남도,천안시,2010,인식표,개,페키니즈,3
1639,1640,충청남도,천안시,2010,내장형,개,페키니즈,9
1640,1641,충청남도,천안시,2010,외장형,개,포메라니안,52
1641,1642,충청남도,천안시,2010,인식표,개,포메라니안,11
1642,1643,충청남도,천안시,2010,내장형,개,포메라니안,30
1643,1644,충청남도,천안시,2010,외장형,개,푸들,85
1644,1645,충청남도,천안시,2010,인식표,개,푸들,18
1645,1646,충청남도,천안시,2010,내장형,개,푸들,57
1646,1647,충청남도,천안시,2010,외장형,개,풍산견,4
1647,1648,충청남도,천안시,2010,내장형,개,풍산견,1
1648,1649,충청남도,천안시,2010,외장형,개,프렌치 불독,2
1649,1650,충청남도,천안시,2010,인식표,개,프렌치 불독,1
1650,1651,충청남도,천안시,2010,내장형,개,프렌치 불독,2
1651,1652,충청남도,천안시,2010,외장형,개,화이트리트리버,1
1652,1653,충청남도,천안시,2010,외장형,개,화이트테리어,1
1653,1654,충청남도,천안시,2001,인식표,개,시츄,5
1654,1655,충청남도,천안시,2001,내장형,개,시츄,6
1655,1656,충청남도,천안시,2001,외장형,개,요크셔 테리어,20
1656,1657,충청남도,천안시,2001,인식표,개,요크셔 테리어,1
1657,1658,충청남도,천안시,2001,내장형,개,요크셔 테리어,1
1658,1659,충청남도,천안시,2001,외장형,개,진도견,1
1659,1660,충청남도,천안시,2001,외장형,개,치와와,3
1660,1661,충청남도,천안시,2001,외장형,개,코카 스파니엘,2
1661,1662,충청남도,천안시,2001,인식표,개,코카 스파니엘,1
1662,1663,충청남도,천안시,2001,내장형,개,코카 스파니엘,1
1663,1664,충청남도,천안시,2001,내장형,개,토이 푸들,1
1664,1665,충청남도,천안시,2001,외장형,개,페키니즈,1
1665,1666,충청남도,천안시,2001,인식표,개,페키니즈,1
1666,1667,충청남도,천안시,2001,외장형,개,포메라니안,1
1667,1668,충청남도,천안시,2001,외장형,개,푸들,7
1668,1669,충청남도,천안시,2001,외장형,개,화이트테리어,1
1669,1670,충청남도,천안시,2002,외장형,개,골든 리트리버,3
1670,1671,충청남도,천안시,2002,외장형,개,기타,1
1671,1672,충청남도,천안시,2002,인식표,개,기타,1
1672,1673,충청남도,천안시,2002,외장형,개,닥스훈트,1
1673,1674,충청남도,천안시,2002,외장형,개,말티즈,35
1674,1675,충청남도,천안시,2002,인식표,개,말티즈,3
1675,1676,충청남도,천안시,2002,내장형,개,말티즈,14
1676,1677,충청남도,천안시,2002,외장형,개,미니어쳐 슈나우저,3
1677,1678,충청남도,천안시,2002,인식표,개,미니어쳐 슈나우저,1
1678,1679,충청남도,천안시,2002,외장형,개,미니어쳐 핀셔,2
1679,1680,충청남도,천안시,2002,인식표,개,미니어쳐 핀셔,1
1680,1681,충청남도,천안시,2002,외장형,개,믹스견,25
1681,1682,충청남도,천안시,2002,인식표,개,믹스견,1
1682,1683,충청남도,천안시,2002,내장형,개,믹스견,5
1683,1684,충청남도,천안시,2002,외장형,개,슈나우져,8
1684,1685,충청남도,천안시,2002,내장형,개,슈나우져,2
1685,1686,충청남도,천안시,2002,외장형,개,시츄,34
1686,1687,충청남도,천안시,2002,인식표,개,시츄,4
1687,1688,충청남도,천안시,2002,내장형,개,시츄,13
1688,1689,충청남도,천안시,2002,인식표,개,아메리칸 코카 스파니엘,1
1689,1690,충청남도,천안시,2002,외장형,개,요크셔 테리어,25
1690,1691,충청남도,천안시,2002,인식표,개,요크셔 테리어,1
1691,1692,충청남도,천안시,2002,내장형,개,요크셔 테리어,8
1692,1693,충청남도,천안시,2002,외장형,개,잭 러셀 테리어,1
1693,1694,충청남도,천안시,2002,인식표,개,진도견,2
1694,1695,충청남도,천안시,2002,외장형,개,차이니즈 크레스티드 독,1
1695,1696,충청남도,천안시,2012,내장형,개,포인터,1
1696,1697,충청남도,천안시,2012,외장형,개,푸들,169
1697,1698,충청남도,천안시,2012,인식표,개,푸들,29
1698,1699,충청남도,천안시,2012,내장형,개,푸들,128
1699,1700,충청남도,천안시,2012,외장형,개,풍산견,2
1700,1701,충청남도,천안시,2012,내장형,개,풍산견,2
1701,1702,충청남도,천안시,2012,외장형,개,프렌치 불독,9
1702,1703,충청남도,천안시,2012,인식표,개,프렌치 불독,2
1703,1704,충청남도,천안시,2012,외장형,개,핏불테리어,1
1704,1705,충청남도,천안시,2012,외장형,개,화이트테리어,3
1705,1706,충청남도,천안시,2012,외장형,개,휘펫,1
1706,1707,충청남도,천안시,2013,외장형,개,골든 리트리버,10
1707,1708,충청남도,천안시,2013,인식표,개,골든 리트리버,1
1708,1709,충청남도,천안시,2013,내장형,개,골든 리트리버,12
1709,1710,충청남도,천안시,2013,외장형,개,그레이 하운드,1
1710,1711,충청남도,천안시,2013,외장형,개,기타,8
1711,1712,충청남도,천안시,2013,내장형,개,기타,6
1712,1713,충청남도,천안시,2013,외장형,개,꼬똥 드 뚤레아,2
1713,1714,충청남도,천안시,2013,내장형,개,꼬똥 드 뚤레아,2
1714,1715,충청남도,천안시,2013,외장형,개,닥스훈트,27
1715,1716,충청남도,천안시,2013,인식표,개,닥스훈트,5
1716,1717,충청남도,천안시,2013,내장형,개,닥스훈트,17
1717,1718,충청남도,천안시,2013,인식표,개,도베르만,1
1718,1719,충청남도,천안시,2013,외장형,개,라브라도 리트리버,9
1719,1720,충청남도,천안시,2013,내장형,개,라브라도 리트리버,10
1720,1721,충청남도,천안시,2013,외장형,개,라사 압소,1
1721,1722,충청남도,천안시,2013,내장형,개,라사 압소,1
1722,1723,충청남도,천안시,2013,내장형,개,레이크랜드 테리어,1
1723,1724,충청남도,천안시,2013,외장형,개,말라뮤트,1
1724,1725,충청남도,천안시,2013,내장형,개,말라뮤트,2
1725,1726,충청남도,천안시,2013,외장형,개,말티즈,362
1726,1727,충청남도,천안시,2013,인식표,개,말티즈,78
1727,1728,충청남도,천안시,2013,내장형,개,말티즈,276
1728,1729,충청남도,천안시,2013,내장형,개,맨체스터테리어,1
1729,1730,충청남도,천안시,2013,외장형,개,미니어쳐 닥스훈트,3
1730,1731,충청남도,천안시,2013,내장형,개,미니어쳐 닥스훈트,1
1731,1732,충청남도,천안시,2013,외장형,개,미니어쳐 슈나우저,1
1732,1733,충청남도,천안시,2013,인식표,개,미니어쳐 슈나우저,1
1733,1734,충청남도,천안시,2013,내장형,개,미니어쳐 슈나우저,3
1734,1735,충청남도,천안시,2013,외장형,개,미니어쳐 푸들,7
1735,1736,충청남도,천안시,2013,인식표,개,미니어쳐 푸들,3
1736,1737,충청남도,천안시,2013,내장형,개,미니어쳐 푸들,2
1737,1738,충청남도,천안시,2013,외장형,개,미니어쳐 핀셔,18
1738,1739,충청남도,천안시,2013,인식표,개,미니어쳐 핀셔,3
1739,1740,충청남도,천안시,2013,내장형,개,미니어쳐 핀셔,15
1740,1741,충청남도,천안시,2013,외장형,개,미디엄 푸들,1
1741,1742,충청남도,천안시,2017,외장형,개,캐벌리어 킹 찰스 스파니엘,1
1742,1743,충청남도,천안시,2017,내장형,개,캐벌리어 킹 찰스 스파니엘,3
1743,1744,충청남도,천안시,2017,외장형,개,코카 스파니엘,5
1744,1745,충청남도,천안시,2017,인식표,개,코카 스파니엘,1
1745,1746,충청남도,천안시,2017,내장형,개,코카 스파니엘,11
1746,1747,충청남도,천안시,2017,내장형,개,코카시안오브차카,1
1747,1748,충청남도,천안시,2017,내장형,개,콜리,1
1748,1749,충청남도,천안시,2017,외장형,개,토이 푸들,15
1749,1750,충청남도,천안시,2017,인식표,개,토이 푸들,10
1750,1751,충청남도,천안시,2017,내장형,개,토이 푸들,28
1751,1752,충청남도,천안시,2017,외장형,개,티베탄 마스티프,1
1752,1753,충청남도,천안시,2017,외장형,개,퍼그,4
1753,1754,충청남도,천안시,2017,인식표,개,퍼그,2
1754,1755,충청남도,천안시,2017,내장형,개,퍼그,15
1755,1756,충청남도,천안시,2017,외장형,개,페키니즈,2
1756,1757,충청남도,천안시,2017,인식표,개,페키니즈,2
1757,1758,충청남도,천안시,2017,내장형,개,페키니즈,3
1758,1759,충청남도,천안시,2017,외장형,개,포메라니안,117
1759,1760,충청남도,천안시,2017,인식표,개,포메라니안,67
1760,1761,충청남도,천안시,2017,내장형,개,포메라니안,221
1761,1762,충청남도,천안시,2017,외장형,개,포인터,1
1762,1763,충청남도,천안시,2017,인식표,개,포인터,2
1763,1764,충청남도,천안시,2017,내장형,개,포인터,1
1764,1765,충청남도,천안시,2017,외장형,개,푸들,150
1765,1766,충청남도,천안시,2017,인식표,개,푸들,79
1766,1767,충청남도,천안시,2017,내장형,개,푸들,377
1767,1768,충청남도,천안시,2017,외장형,개,풍산견,2
1768,1769,충청남도,천안시,2017,인식표,개,풍산견,7
1769,1770,충청남도,천안시,2017,내장형,개,풍산견,2
1770,1771,충청남도,천안시,2017,외장형,개,프렌치 불독,13
1771,1772,충청남도,천안시,2017,인식표,개,프렌치 불독,9
1772,1773,충청남도,천안시,2017,내장형,개,프렌치 불독,31
1773,1774,충청남도,천안시,2017,인식표,개,프렌치 브리타니,1
1774,1775,충청남도,천안시,2017,인식표,개,핏불테리어,4
1775,1776,충청남도,천안시,2017,내장형,개,핏불테리어,2
1776,1777,충청남도,천안시,2017,내장형,개,휘펫,3
1777,1778,충청남도,천안시,2022,내장형,개,마리노이즈,1
1778,1779,충청남도,천안시,2022,외장형,개,마스티프,1
1779,1780,충청남도,천안시,2022,외장형,개,말티즈,170
1780,1781,충청남도,천안시,2022,내장형,개,말티즈,51
1781,1782,충청남도,천안시,2022,내장형,개,미니어쳐 슈나우저,2
1782,1783,충청남도,천안시,2022,외장형,개,미니어쳐 푸들,13
1783,1784,충청남도,천안시,2022,외장형,개,미니어쳐 핀셔,3
1784,1785,충청남도,천안시,2022,내장형,개,미니어쳐 핀셔,1
1785,1786,충청남도,천안시,2022,외장형,개,미디엄 푸들,1
1786,1787,충청남도,천안시,2022,외장형,개,믹스견,507
1787,1788,충청남도,천안시,2022,내장형,개,믹스견,346
1788,1789,충청남도,천안시,2022,내장형,개,버니즈 마운틴 독,1
1789,1790,충청남도,천안시,2022,외장형,개,베들링턴 테리어,4
1790,1791,충청남도,천안시,2022,내장형,개,베들링턴 테리어,1
1791,1792,충청남도,천안시,2022,내장형,개,벨기에 그로넨달,1
1792,1793,충청남도,천안시,2022,외장형,개,보더 콜리,15
1793,1794,충청남도,천안시,2022,내장형,개,보더 콜리,15
1794,1795,충청남도,천안시,2022,외장형,개,보스턴 테리어,3
1795,1796,충청남도,천안시,2022,내장형,개,보스턴 테리어,2
1796,1797,충청남도,천안시,2022,내장형,개,불독,1
1797,1798,충청남도,천안시,2022,외장형,개,비글,1
1798,1799,충청남도,천안시,2022,외장형,개,비숑 프리제,394
1799,1800,충청남도,천안시,2022,내장형,개,비숑 프리제,114
1800,1801,충청남도,천안시,2022,외장형,개,빠삐용,2
1801,1802,충청남도,천안시,2022,외장형,개,사모예드,4
1802,1803,충청남도,천안시,2022,내장형,개,사모예드,3
1803,1804,충청남도,천안시,2022,내장형,개,삽살개,3
1804,1805,충청남도,천안시,2022,외장형,개,샤페이,1
1805,1806,충청남도,천안시,2022,외장형,개,셔틀랜드 쉽독,5
1806,1807,충청남도,천안시,2022,내장형,개,셔틀랜드 쉽독,1
1807,1808,충청남도,천안시,2022,외장형,개,슈나우져,2
1808,1809,충청남도,천안시,2011,외장형,개,골든 리트리버,7
1809,1810,충청남도,천안시,2011,인식표,개,골든 리트리버,2
1810,1811,충청남도,천안시,2011,내장형,개,골든 리트리버,6
1811,1812,충청남도,천안시,2011,외장형,개,그레이 하운드,1
1812,1813,충청남도,천안시,2011,외장형,개,기타,2
1813,1814,충청남도,천안시,2011,내장형,개,기타,1
1814,1815,충청남도,천안시,2011,외장형,개,닥스훈트,14
1815,1816,충청남도,천안시,2011,인식표,개,닥스훈트,7
1816,1817,충청남도,천안시,2011,내장형,개,닥스훈트,12
1817,1818,충청남도,천안시,2011,외장형,개,달마시안,1
1818,1819,충청남도,천안시,2011,외장형,개,라브라도 리트리버,3
1819,1820,충청남도,천안시,2011,내장형,개,라브라도 리트리버,1
1820,1821,충청남도,천안시,2011,외장형,개,말라뮤트,2
1821,1822,충청남도,천안시,2011,외장형,개,말티즈,289
1822,1823,충청남도,천안시,2011,인식표,개,말티즈,52
1823,1824,충청남도,천안시,2011,내장형,개,말티즈,140
1824,1825,충청남도,천안시,2011,외장형,개,미니어쳐 슈나우저,2
1825,1826,충청남도,천안시,2011,내장형,개,미니어쳐 슈나우저,3
1826,1827,충청남도,천안시,2011,외장형,개,미니어쳐 푸들,1
1827,1828,충청남도,천안시,2011,인식표,개,미니어쳐 푸들,1
1828,1829,충청남도,천안시,2011,내장형,개,미니어쳐 푸들,1
1829,1830,충청남도,천안시,2011,외장형,개,미니어쳐 핀셔,16
1830,1831,충청남도,천안시,2011,내장형,개,미니어쳐 핀셔,8
1831,1832,충청남도,천안시,2011,외장형,개,미디엄 푸들,1
1832,1833,충청남도,천안시,2011,외장형,개,믹스견,83
1833,1834,충청남도,천안시,2011,인식표,개,믹스견,26
1834,1835,충청남도,천안시,2009,내장형,개,골든 리트리버,1
1835,1836,충청남도,천안시,2009,내장형,개,그레이트 피레니즈,1
1836,1837,충청남도,천안시,2009,내장형,개,기타,2
1837,1838,충청남도,천안시,2009,외장형,개,꼬똥 드 뚤레아,1
1838,1839,충청남도,천안시,2009,내장형,개,꼬똥 드 뚤레아,2
1839,1840,충청남도,천안시,2009,외장형,개,닥스훈트,10
1840,1841,충청남도,천안시,2009,인식표,개,닥스훈트,3
1841,1842,충청남도,천안시,2009,내장형,개,닥스훈트,6
1842,1843,충청남도,천안시,2009,외장형,개,라브라도 리트리버,2
1843,1844,충청남도,천안시,2009,내장형,개,라브라도 리트리버,1
1844,1845,충청남도,천안시,2009,외장형,개,라사 압소,1
1845,1846,충청남도,천안시,2009,외장형,개,말라뮤트,1
1846,1847,충청남도,천안시,2009,외장형,개,말티즈,191
1847,1848,충청남도,천안시,2009,인식표,개,말티즈,42
1848,1849,충청남도,천안시,2009,내장형,개,말티즈,103
1849,1850,충청남도,천안시,2009,외장형,개,미니어쳐 슈나우저,1
1850,1851,충청남도,천안시,2009,내장형,개,미니어쳐 슈나우저,1
1851,1852,충청남도,천안시,2009,외장형,개,미니어쳐 푸들,2
1852,1853,충청남도,천안시,2009,외장형,개,미니어쳐 핀셔,15
1853,1854,충청남도,천안시,2009,내장형,개,미니어쳐 핀셔,3
1854,1855,충청남도,천안시,2009,인식표,개,미디엄 푸들,1
1855,1856,충청남도,천안시,2009,외장형,개,믹스견,64
1856,1857,충청남도,천안시,2009,인식표,개,믹스견,12
1857,1858,충청남도,천안시,2009,내장형,개,믹스견,20
1858,1859,충청남도,천안시,2009,외장형,개,베들링턴 테리어,1
1859,1860,충청남도,천안시,2009,내장형,개,베들링턴 테리어,1
1860,1861,충청남도,천안시,2009,내장형,개,보더 콜리,1
1861,1862,충청남도,천안시,2009,외장형,개,보스턴 테리어,1
1862,1863,충청남도,천안시,2009,내장형,개,보스턴 테리어,1
1863,1864,충청남도,천안시,2009,외장형,개,비글,1
1864,1865,충청남도,천안시,2009,내장형,개,비글,2
1865,1866,충청남도,천안시,2009,외장형,개,비숑 프리제,2
1866,1867,충청남도,천안시,2009,내장형,개,비숑 프리제,1
1867,1868,충청남도,천안시,2009,외장형,개,빠삐용,1
1868,1869,충청남도,천안시,2009,외장형,개,삽살개,2
1869,1870,충청남도,천안시,2009,내장형,개,삽살개,3
1870,1871,충청남도,천안시,2009,내장형,개,셔틀랜드 쉽독,2
1871,1872,충청남도,천안시,2009,외장형,개,슈나우져,10
1872,1873,충청남도,천안시,2009,인식표,개,슈나우져,1
1873,1874,충청남도,천안시,2009,내장형,개,슈나우져,4
1874,1875,충청남도,천안시,2009,내장형,개,스탠다드 푸들,1
1875,1876,충청남도,천안시,2009,외장형,개,스피츠,7
1876,1877,충청남도,천안시,2009,내장형,개,스피츠,9
1877,1878,충청남도,천안시,2009,외장형,개,시베리안 허스키,1
1878,1879,충청남도,천안시,2009,외장형,개,시츄,65
1879,1880,충청남도,천안시,2009,인식표,개,시츄,19
1880,1881,충청남도,천안시,2009,내장형,개,시츄,25
1881,1882,충청남도,천안시,2009,인식표,개,아메리칸 불독,1
1882,1883,충청남도,천안시,2009,내장형,개,아메리칸 코카 스파니엘,2
1883,1884,충청남도,천안시,2009,인식표,개,아키다,1
1884,1885,충청남도,천안시,2009,외장형,개,올드 잉글리쉬 쉽독,1
1885,1886,충청남도,천안시,2002,외장형,개,치와와,2
1886,1887,충청남도,천안시,2002,내장형,개,치와와,1
1887,1888,충청남도,천안시,2002,외장형,개,코카 스파니엘,7
1888,1889,충청남도,천안시,2002,인식표,개,코카 스파니엘,1
1889,1890,충청남도,천안시,2002,내장형,개,콜리,1
1890,1891,충청남도,천안시,2002,외장형,개,토이 푸들,1
1891,1892,충청남도,천안시,2002,외장형,개,페키니즈,3
1892,1893,충청남도,천안시,2002,외장형,개,포메라니안,2
1893,1894,충청남도,천안시,2002,내장형,개,포메라니안,2
1894,1895,충청남도,천안시,2002,외장형,개,푸들,13
1895,1896,충청남도,천안시,2002,인식표,개,푸들,1
1896,1897,충청남도,천안시,2002,내장형,개,푸들,2
1897,1898,충청남도,천안시,2003,내장형,개,골든 리트리버,1
1898,1899,충청남도,천안시,2003,외장형,개,닥스훈트,2
1899,1900,충청남도,천안시,2003,내장형,개,닥스훈트,2
1900,1901,충청남도,천안시,2003,내장형,개,라사 압소,1
1901,1902,충청남도,천안시,2003,외장형,개,말티즈,45
1902,1903,충청남도,천안시,2003,인식표,개,말티즈,3
1903,1904,충청남도,천안시,2003,내장형,개,말티즈,12
1904,1905,충청남도,천안시,2003,외장형,개,미니어쳐 슈나우저,2
1905,1906,충청남도,천안시,2003,외장형,개,미니어쳐 핀셔,7
1906,1907,충청남도,천안시,2003,인식표,개,미니어쳐 핀셔,1
1907,1908,충청남도,천안시,2003,외장형,개,믹스견,18
1908,1909,충청남도,천안시,2003,인식표,개,믹스견,1
1909,1910,충청남도,천안시,2003,내장형,개,믹스견,5
1910,1911,충청남도,천안시,2003,내장형,개,불 테리어,1
1911,1912,충청남도,천안시,2003,외장형,개,슈나우져,6
1912,1913,충청남도,천안시,2003,인식표,개,슈나우져,1
1913,1914,충청남도,천안시,2003,내장형,개,슈나우져,4
1914,1915,충청남도,천안시,2003,외장형,개,스피츠,1
1915,1916,충청남도,천안시,2003,외장형,개,시츄,49
1916,1917,충청남도,천안시,2003,인식표,개,시츄,5
1917,1918,충청남도,천안시,2003,내장형,개,시츄,15
1918,1919,충청남도,천안시,2003,외장형,개,아메리칸 코카 스파니엘,1
1919,1920,충청남도,천안시,2003,내장형,개,아메리칸 코카 스파니엘,1
1920,1921,충청남도,천안시,2003,외장형,개,요크셔 테리어,26
1921,1922,충청남도,천안시,2003,내장형,개,요크셔 테리어,4
1922,1923,충청남도,천안시,2003,외장형,개,웰시 코기 펨브로크,1
1923,1924,충청남도,천안시,2003,외장형,개,잉글리쉬 코카 스파니엘,1
1924,1925,충청남도,천안시,2003,외장형,개,진도견,2
1925,1926,충청남도,천안시,2003,내장형,개,진도견,1
1926,1927,충청남도,천안시,2003,외장형,개,치와와,3
1927,1928,충청남도,천안시,2003,외장형,개,코카 스파니엘,8
1928,1929,충청남도,천안시,2003,내장형,개,코카 스파니엘,2
1929,1930,충청남도,천안시,2003,내장형,개,콜리,1
1930,1931,충청남도,천안시,2003,외장형,개,토이 푸들,2
1931,1932,충청남도,천안시,2003,외장형,개,퍼그,1
1932,1933,충청남도,천안시,2003,외장형,개,페키니즈,3
1933,1934,충청남도,천안시,2003,외장형,개,포메라니안,6
1934,1935,충청남도,천안시,2003,내장형,개,포메라니안,1
1935,1936,충청남도,천안시,2003,외장형,개,포인터,1
1936,1937,충청남도,천안시,2022,내장형,개,슈나우져,2
1937,1938,충청남도,천안시,2022,외장형,개,스탠다드 푸들,4
1938,1939,충청남도,천안시,2022,내장형,개,스탠다드 푸들,3
1939,1940,충청남도,천안시,2022,외장형,개,스피츠,12
1940,1941,충청남도,천안시,2022,내장형,개,스피츠,5
1941,1942,충청남도,천안시,2022,외장형,개,시바,37
1942,1943,충청남도,천안시,2022,내장형,개,시바,14
1943,1944,충청남도,천안시,2022,외장형,개,시베리안 허스키,5
1944,1945,충청남도,천안시,2022,내장형,개,시베리안 허스키,2
1945,1946,충청남도,천안시,2022,외장형,개,시츄,24
1946,1947,충청남도,천안시,2022,내장형,개,시츄,13
1947,1948,충청남도,천안시,2022,외장형,개,아메리칸 코카 스파니엘,1
1948,1949,충청남도,천안시,2022,내장형,개,아메리칸불리,2
1949,1950,충청남도,천안시,2022,외장형,개,올드 잉글리쉬 불독,1
1950,1951,충청남도,천안시,2022,내장형,개,올드 잉글리쉬 불독,1
1951,1952,충청남도,천안시,2022,외장형,개,올드 잉글리쉬 쉽독,4
1952,1953,충청남도,천안시,2022,내장형,개,올드 잉글리쉬 쉽독,1
1953,1954,충청남도,천안시,2022,외장형,개,요크셔 테리어,14
1954,1955,충청남도,천안시,2022,내장형,개,요크셔 테리어,3
1955,1956,충청남도,천안시,2022,외장형,개,웰시 코기 카디건,9
1956,1957,충청남도,천안시,2013,외장형,개,믹스견,109
1957,1958,충청남도,천안시,2013,인식표,개,믹스견,37
1958,1959,충청남도,천안시,2013,내장형,개,믹스견,116
1959,1960,충청남도,천안시,2013,외장형,개,베들링턴 테리어,1
1960,1961,충청남도,천안시,2013,내장형,개,벨지안 셰퍼드 독,1
1961,1962,충청남도,천안시,2013,인식표,개,보더 콜리,2
1962,1963,충청남도,천안시,2013,내장형,개,보더 콜리,6
1963,1964,충청남도,천안시,2013,외장형,개,보스턴 테리어,8
1964,1965,충청남도,천안시,2013,내장형,개,보스턴 테리어,3
1965,1966,충청남도,천안시,2013,외장형,개,불 테리어,1
1966,1967,충청남도,천안시,2013,인식표,개,불 테리어,1
1967,1968,충청남도,천안시,2013,내장형,개,불 테리어,1
1968,1969,충청남도,천안시,2013,외장형,개,불독,2
1969,1970,충청남도,천안시,2013,내장형,개,불독,1
1970,1971,충청남도,천안시,2013,내장형,개,브리타니 스파니엘,1
1971,1972,충청남도,천안시,2013,외장형,개,비글,5
1972,1973,충청남도,천안시,2013,인식표,개,비글,1
1973,1974,충청남도,천안시,2013,내장형,개,비글,3
1974,1975,충청남도,천안시,2013,외장형,개,비숑 프리제,23
1975,1976,충청남도,천안시,2013,인식표,개,비숑 프리제,3
1976,1977,충청남도,천안시,2013,내장형,개,비숑 프리제,16
1977,1978,충청남도,천안시,2013,외장형,개,빠삐용,5
1978,1979,충청남도,천안시,2013,인식표,개,빠삐용,1
1979,1980,충청남도,천안시,2013,내장형,개,빠삐용,1
1980,1981,충청남도,천안시,2013,외장형,개,사모예드,1
1981,1982,충청남도,천안시,2013,내장형,개,사모예드,5
1982,1983,충청남도,천안시,2013,외장형,개,삽살개,1
1983,1984,충청남도,천안시,2013,내장형,개,삽살개,3
1984,1985,충청남도,천안시,2013,인식표,개,샤페이,1
1985,1986,충청남도,천안시,2013,인식표,개,셔틀랜드 쉽독,1
1986,1987,충청남도,천안시,2013,내장형,개,셔틀랜드 쉽독,2
1987,1988,충청남도,천안시,2013,외장형,개,셰퍼드,1
1988,1989,충청남도,천안시,2013,외장형,개,슈나우져,8
1989,1990,충청남도,천안시,2013,인식표,개,슈나우져,2
1990,1991,충청남도,천안시,2013,내장형,개,슈나우져,16
1991,1992,충청남도,천안시,2013,외장형,개,스코티쉬 테리어,1
1992,1993,충청남도,천안시,2013,내장형,개,스탠다드 푸들,2
1993,1994,충청남도,천안시,2013,외장형,개,스피츠,49
1994,1995,충청남도,천안시,2013,인식표,개,스피츠,9
1995,1996,충청남도,천안시,2013,내장형,개,스피츠,46
1996,1997,충청남도,천안시,2013,내장형,개,시바,1
1997,1998,충청남도,천안시,2013,외장형,개,시베리안 허스키,6
1998,1999,충청남도,천안시,2013,내장형,개,시베리안 허스키,3
1999,2000,충청남도,천안시,2013,외장형,개,시츄,70
2000,2001,충청남도,천안시,2013,인식표,개,시츄,17
2001,2002,충청남도,천안시,2013,내장형,개,시츄,76
2002,2003,충청남도,천안시,2013,내장형,개,실키테리어,1
2003,2004,충청남도,천안시,2013,외장형,개,아메리칸 코카 스파니엘,2
2004,2005,충청남도,천안시,2013,인식표,개,아메리칸 코카 스파니엘,1
2005,2006,충청남도,천안시,2013,내장형,개,아메리칸 코카 스파니엘,4
2006,2007,충청남도,천안시,2013,내장형,개,아메리칸 핏불 테리어,1
2007,2008,충청남도,천안시,2018,외장형,개,골든 리트리버,6
2008,2009,충청남도,천안시,2018,인식표,개,골든 리트리버,4
2009,2010,충청남도,천안시,2018,내장형,개,골든 리트리버,22
2010,2011,충청남도,천안시,2018,외장형,개,그레이 하운드,1
2011,2012,충청남도,천안시,2018,인식표,개,그레이트 덴,1
2012,2013,충청남도,천안시,2018,내장형,개,그레이트 덴,1
2013,2014,충청남도,천안시,2018,외장형,개,그레이트 피레니즈,2
2014,2015,충청남도,천안시,2018,외장형,개,기타,10
2015,2016,충청남도,천안시,2018,인식표,개,기타,1
2016,2017,충청남도,천안시,2018,내장형,개,기타,22
2017,2018,충청남도,천안시,2018,내장형,개,꼬똥 드 뚤레아,3
2018,2019,충청남도,천안시,2018,외장형,개,닥스훈트,7
2019,2020,충청남도,천안시,2012,내장형,개,라브라도 리트리버,5
2020,2021,충청남도,천안시,2012,외장형,개,말라뮤트,1
2021,2022,충청남도,천안시,2012,내장형,개,말라뮤트,1
2022,2023,충청남도,천안시,2012,외장형,개,말티즈,339
2023,2024,충청남도,천안시,2012,인식표,개,말티즈,63
2024,2025,충청남도,천안시,2012,내장형,개,말티즈,216
2025,2026,충청남도,천안시,2012,외장형,개,미니어쳐 닥스훈트,1
2026,2027,충청남도,천안시,2012,외장형,개,미니어쳐 슈나우저,1
2027,2028,충청남도,천안시,2012,내장형,개,미니어쳐 슈나우저,4
2028,2029,충청남도,천안시,2012,외장형,개,미니어쳐 푸들,1
2029,2030,충청남도,천안시,2012,인식표,개,미니어쳐 푸들,2
2030,2031,충청남도,천안시,2012,내장형,개,미니어쳐 푸들,2
2031,2032,충청남도,천안시,2012,외장형,개,미니어쳐 핀셔,17
2032,2033,충청남도,천안시,2012,인식표,개,미니어쳐 핀셔,3
2033,2034,충청남도,천안시,2012,내장형,개,미니어쳐 핀셔,15
2034,2035,충청남도,천안시,2012,외장형,개,미디엄 푸들,3
2035,2036,충청남도,천안시,2012,외장형,개,믹스견,111
2036,2037,충청남도,천안시,2012,인식표,개,믹스견,32
2037,2038,충청남도,천안시,2012,내장형,개,믹스견,78
2038,2039,충청남도,천안시,2012,외장형,개,베들링턴 테리어,2
2039,2040,충청남도,천안시,2012,내장형,개,벨지안 셰퍼드 독,1
2040,2041,충청남도,천안시,2012,외장형,개,보더 콜리,4
2041,2042,충청남도,천안시,2012,내장형,개,보더 콜리,4
2042,2043,충청남도,천안시,2012,외장형,개,보스턴 테리어,9
2043,2044,충청남도,천안시,2012,인식표,개,보스턴 테리어,2
2044,2045,충청남도,천안시,2012,내장형,개,보스턴 테리어,4
2045,2046,충청남도,천안시,2012,외장형,개,불 테리어,1
2046,2047,충청남도,천안시,2012,외장형,개,불독,1
2047,2048,충청남도,천안시,2012,외장형,개,비글,6
2048,2049,충청남도,천안시,2012,인식표,개,비글,2
2049,2050,충청남도,천안시,2012,내장형,개,비글,4
2050,2051,충청남도,천안시,2012,외장형,개,비숑 프리제,5
2051,2052,충청남도,천안시,2012,내장형,개,비숑 프리제,5
2052,2053,충청남도,천안시,2012,외장형,개,빠삐용,6
2053,2054,충청남도,천안시,2012,내장형,개,빠삐용,2
2054,2055,충청남도,천안시,2012,내장형,개,사모예드,3
2055,2056,충청남도,천안시,2012,외장형,개,삽살개,4
2056,2057,충청남도,천안시,2012,내장형,개,삽살개,1
2057,2058,충청남도,천안시,2012,내장형,개,셔틀랜드 쉽독,3
2058,2059,충청남도,천안시,2012,외장형,개,셰퍼드,1
2059,2060,충청남도,천안시,2012,외장형,개,슈나우져,8
2060,2061,충청남도,천안시,2012,인식표,개,슈나우져,4
2061,2062,충청남도,천안시,2012,내장형,개,슈나우져,5
2062,2063,충청남도,천안시,2012,외장형,개,스탠다드 푸들,1
2063,2064,충청남도,천안시,2012,내장형,개,스탠다드 푸들,1
2064,2065,충청남도,천안시,2012,외장형,개,스피츠,46
2065,2066,충청남도,천안시,2012,인식표,개,스피츠,10
2066,2067,충청남도,천안시,2012,내장형,개,스피츠,31
2067,2068,충청남도,천안시,2012,외장형,개,시베리안 허스키,4
2068,2069,충청남도,천안시,2012,인식표,개,시베리안 허스키,1
2069,2070,충청남도,천안시,2012,내장형,개,시베리안 허스키,1
2070,2071,충청남도,천안시,2009,내장형,개,올드 잉글리쉬 쉽독,1
2071,2072,충청남도,천안시,2009,외장형,개,요크셔 테리어,57
2072,2073,충청남도,천안시,2009,인식표,개,요크셔 테리어,11
2073,2074,충청남도,천안시,2009,내장형,개,요크셔 테리어,24
2074,2075,충청남도,천안시,2009,외장형,개,재패니즈 스피츠,1
2075,2076,충청남도,천안시,2009,내장형,개,잭 러셀 테리어,1
2076,2077,충청남도,천안시,2009,외장형,개,진도견,14
2077,2078,충청남도,천안시,2009,인식표,개,진도견,1
2078,2079,충청남도,천안시,2009,내장형,개,진도견,6
2079,2080,충청남도,천안시,2009,외장형,개,치와와,14
2080,2081,충청남도,천안시,2009,인식표,개,치와와,3
2081,2082,충청남도,천안시,2009,내장형,개,치와와,6
2082,2083,충청남도,천안시,2009,외장형,개,코카 스파니엘,6
2083,2084,충청남도,천안시,2009,내장형,개,코카 스파니엘,4
2084,2085,충청남도,천안시,2009,외장형,개,토이 푸들,5
2085,2086,충청남도,천안시,2009,인식표,개,토이 푸들,4
2086,2087,충청남도,천안시,2009,외장형,개,페키니즈,8
2087,2088,충청남도,천안시,2009,인식표,개,페키니즈,4
2088,2089,충청남도,천안시,2009,내장형,개,페키니즈,4
2089,2090,충청남도,천안시,2009,외장형,개,포메라니안,23
2090,2091,충청남도,천안시,2009,인식표,개,포메라니안,5
2091,2092,충청남도,천안시,2009,내장형,개,포메라니안,14
2092,2093,충청남도,천안시,2009,외장형,개,푸들,74
2093,2094,충청남도,천안시,2009,인식표,개,푸들,12
2094,2095,충청남도,천안시,2009,내장형,개,푸들,33
2095,2096,충청남도,천안시,2009,내장형,개,풍산견,2
2096,2097,충청남도,천안시,2009,외장형,개,프렌치 불독,4
2097,2098,충청남도,천안시,2009,내장형,개,프렌치 불독,1
2098,2099,충청남도,천안시,2009,외장형,개,화이트테리어,1
2099,2100,충청남도,천안시,2010,외장형,개,골든 리트리버,2
2100,2101,충청남도,천안시,2010,내장형,개,골든 리트리버,7
2101,2102,충청남도,천안시,2010,외장형,개,기타,1
2102,2103,충청남도,천안시,2010,내장형,개,기타,1
2103,2104,충청남도,천안시,2010,외장형,개,닥스훈트,16
2104,2105,충청남도,천안시,2010,인식표,개,닥스훈트,2
2105,2106,충청남도,천안시,2010,내장형,개,닥스훈트,9
2106,2107,충청남도,천안시,2010,외장형,개,라브라도 리트리버,1
2107,2108,충청남도,천안시,2010,내장형,개,라브라도 리트리버,2
2108,2109,충청남도,천안시,2018,인식표,개,닥스훈트,9
2109,2110,충청남도,천안시,2018,내장형,개,닥스훈트,26
2110,2111,충청남도,천안시,2018,외장형,개,달마시안,3
2111,2112,충청남도,천안시,2018,인식표,개,달마시안,1
2112,2113,충청남도,천안시,2018,외장형,개,도고 아르젠티노,1
2113,2114,충청남도,천안시,2018,내장형,개,도고 아르젠티노,3
2114,2115,충청남도,천안시,2018,인식표,개,도베르만,2
2115,2116,충청남도,천안시,2018,내장형,개,도베르만,4
2116,2117,충청남도,천안시,2018,인식표,개,동경견,1
2117,2118,충청남도,천안시,2018,내장형,개,동경견,1
2118,2119,충청남도,천안시,2018,외장형,개,라브라도 리트리버,14
2119,2120,충청남도,천안시,2018,인식표,개,라브라도 리트리버,8
2120,2121,충청남도,천안시,2018,내장형,개,라브라도 리트리버,30
2121,2122,충청남도,천안시,2018,외장형,개,라이카,5
2122,2123,충청남도,천안시,2018,인식표,개,라이카,1
2123,2124,충청남도,천안시,2018,내장형,개,로트와일러,2
2124,2125,충청남도,천안시,2018,내장형,개,마스티프,1
2125,2126,충청남도,천안시,2018,인식표,개,말라뮤트,1
2126,2127,충청남도,천안시,2018,내장형,개,말라뮤트,1
2127,2128,충청남도,천안시,2018,외장형,개,말티즈,131
2128,2129,충청남도,천안시,2018,인식표,개,말티즈,125
2129,2130,충청남도,천안시,2018,내장형,개,말티즈,330
2130,2131,충청남도,천안시,2018,외장형,개,미니어쳐 슈나우저,1
2131,2132,충청남도,천안시,2018,내장형,개,미니어쳐 슈나우저,2
2132,2133,충청남도,천안시,2018,외장형,개,미니어쳐 푸들,8
2133,2134,충청남도,천안시,2018,인식표,개,미니어쳐 푸들,4
2134,2135,충청남도,천안시,2018,내장형,개,미니어쳐 푸들,4
2135,2136,충청남도,천안시,2018,외장형,개,미니어쳐 핀셔,2
2136,2137,충청남도,천안시,2018,내장형,개,미니어쳐 핀셔,7
2137,2138,충청남도,천안시,2018,외장형,개,미디엄 푸들,2
2138,2139,충청남도,천안시,2018,인식표,개,미디엄 푸들,1
2139,2140,충청남도,천안시,2018,외장형,개,믹스견,125
2140,2141,충청남도,천안시,2018,인식표,개,믹스견,106
2141,2142,충청남도,천안시,2018,내장형,개,믹스견,299
2142,2143,충청남도,천안시,2018,인식표,개,바셋 하운드,1
2143,2144,충청남도,천안시,2018,내장형,개,버니즈 마운틴 독,1
2144,2145,충청남도,천안시,2018,외장형,개,베들링턴 테리어,2
2145,2146,충청남도,천안시,2018,인식표,개,베들링턴 테리어,1
2146,2147,충청남도,천안시,2018,내장형,개,베들링턴 테리어,8
2147,2148,충청남도,천안시,2022,내장형,개,웰시 코기 카디건,8
2148,2149,충청남도,천안시,2022,외장형,개,웰시 코기 펨브로크,19
2149,2150,충청남도,천안시,2022,내장형,개,웰시 코기 펨브로크,9
2150,2151,충청남도,천안시,2022,외장형,개,이탈리안 그레이 하운드,27
2151,2152,충청남도,천안시,2022,내장형,개,이탈리안 그레이 하운드,11
2152,2153,충청남도,천안시,2022,내장형,개,잉글리쉬 포인터,1
2153,2154,충청남도,천안시,2022,외장형,개,재패니즈 스피츠,1
2154,2155,충청남도,천안시,2022,외장형,개,잭 러셀 테리어,1
2155,2156,충청남도,천안시,2022,내장형,개,잭 러셀 테리어,3
2156,2157,충청남도,천안시,2022,내장형,개,저먼 셰퍼드 독,3
2157,2158,충청남도,천안시,2022,외장형,개,진도견,22
2158,2159,충청남도,천안시,2022,내장형,개,진도견,41
2159,2160,충청남도,천안시,2022,내장형,개,차우차우,1
2160,2161,충청남도,천안시,2022,외장형,개,치와와,73
2161,2162,충청남도,천안시,2022,내장형,개,치와와,13
2162,2163,충청남도,천안시,2022,외장형,개,캐벌리어 킹 찰스 스파니엘,1
2163,2164,충청남도,천안시,2022,외장형,개,코카 스파니엘,1
2164,2165,충청남도,천안시,2022,내장형,개,코카 스파니엘,1
2165,2166,충청남도,천안시,2022,외장형,개,토이 푸들,112
2166,2167,충청남도,천안시,2022,내장형,개,토이 푸들,9
2167,2168,충청남도,천안시,2022,내장형,개,티베탄 마스티프,1
2168,2169,충청남도,천안시,2022,외장형,개,퍼그,6
2169,2170,충청남도,천안시,2022,내장형,개,퍼그,1
2170,2171,충청남도,천안시,2022,외장형,개,페키니즈,4
2171,2172,충청남도,천안시,2022,외장형,개,포메라니안,331
2172,2173,충청남도,천안시,2022,내장형,개,포메라니안,81
2173,2174,충청남도,천안시,2022,외장형,개,푸들,236
2174,2175,충청남도,천안시,2022,내장형,개,푸들,85
2175,2176,충청남도,천안시,2022,외장형,개,풍산견,2
2176,2177,충청남도,천안시,2022,내장형,개,풍산견,1
2177,2178,충청남도,천안시,2022,외장형,개,프렌치 불독,28
2178,2179,충청남도,천안시,2022,내장형,개,프렌치 불독,9
2179,2180,충청남도,천안시,2022,외장형,개,핏불테리어,2
2180,2181,충청남도,천안시,2022,내장형,개,핏불테리어,1
2181,2182,충청남도,천안시,2022,외장형,개,휘펫,3
2182,2183,충청남도,천안시,2022,내장형,개,휘펫,1
2183,2184,충청남도,천안시,2010,인식표,개,라사 압소,2
2184,2185,충청남도,천안시,2010,외장형,개,말티즈,225
2185,2186,충청남도,천안시,2010,인식표,개,말티즈,53
2186,2187,충청남도,천안시,2010,내장형,개,말티즈,116
2187,2188,충청남도,천안시,2010,외장형,개,미니어쳐 닥스훈트,1
2188,2189,충청남도,천안시,2010,외장형,개,미니어쳐 슈나우저,3
2189,2190,충청남도,천안시,2010,인식표,개,미니어쳐 슈나우저,2
2190,2191,충청남도,천안시,2010,내장형,개,미니어쳐 슈나우저,1
2191,2192,충청남도,천안시,2010,외장형,개,미니어쳐 푸들,3
2192,2193,충청남도,천안시,2010,외장형,개,미니어쳐 핀셔,8
2193,2194,충청남도,천안시,2010,인식표,개,미니어쳐 핀셔,1
2194,2195,충청남도,천안시,2010,내장형,개,미니어쳐 핀셔,2
2195,2196,충청남도,천안시,2011,내장형,개,믹스견,55
2196,2197,충청남도,천안시,2011,내장형,개,베들링턴 테리어,3
2197,2198,충청남도,천안시,2011,외장형,개,보더 콜리,2
2198,2199,충청남도,천안시,2011,내장형,개,보더 콜리,2
2199,2200,충청남도,천안시,2011,외장형,개,보스턴 테리어,5
2200,2201,충청남도,천안시,2011,내장형,개,보스턴 테리어,4
2201,2202,충청남도,천안시,2011,외장형,개,불 테리어,1
2202,2203,충청남도,천안시,2011,외장형,개,불독,1
2203,2204,충청남도,천안시,2011,외장형,개,비글,7
2204,2205,충청남도,천안시,2011,내장형,개,비글,1
2205,2206,충청남도,천안시,2011,외장형,개,비숑 프리제,3
2206,2207,충청남도,천안시,2011,인식표,개,비숑 프리제,1
2207,2208,충청남도,천안시,2011,내장형,개,비숑 프리제,6
2208,2209,충청남도,천안시,2011,외장형,개,빠삐용,1
2209,2210,충청남도,천안시,2011,내장형,개,빠삐용,3
2210,2211,충청남도,천안시,2011,외장형,개,사모예드,2
2211,2212,충청남도,천안시,2011,인식표,개,사모예드,1
2212,2213,충청남도,천안시,2011,내장형,개,사모예드,1
2213,2214,충청남도,천안시,2011,외장형,개,삽살개,3
2214,2215,충청남도,천안시,2011,인식표,개,삽살개,1
2215,2216,충청남도,천안시,2011,내장형,개,삽살개,1
2216,2217,충청남도,천안시,2011,외장형,개,샤페이,1
2217,2218,충청남도,천안시,2015,인식표,개,미니어쳐 핀셔,4
2218,2219,충청남도,천안시,2015,내장형,개,미니어쳐 핀셔,15
2219,2220,충청남도,천안시,2015,외장형,개,믹스견,99
2220,2221,충청남도,천안시,2015,인식표,개,믹스견,70
2221,2222,충청남도,천안시,2015,내장형,개,믹스견,165
2222,2223,충청남도,천안시,2015,외장형,개,베들링턴 테리어,3
2223,2224,충청남도,천안시,2015,인식표,개,베들링턴 테리어,1
2224,2225,충청남도,천안시,2015,내장형,개,베들링턴 테리어,4
2225,2226,충청남도,천안시,2015,외장형,개,보더 콜리,4
2226,2227,충청남도,천안시,2015,인식표,개,보더 콜리,2
2227,2228,충청남도,천안시,2015,내장형,개,보더 콜리,6
2228,2229,충청남도,천안시,2015,외장형,개,보스턴 테리어,5
2229,2230,충청남도,천안시,2015,인식표,개,보스턴 테리어,4
2230,2231,충청남도,천안시,2015,내장형,개,보스턴 테리어,15
2231,2232,충청남도,천안시,2015,외장형,개,불 테리어,3
2232,2233,충청남도,천안시,2015,외장형,개,불독,2
2233,2234,충청남도,천안시,2015,내장형,개,불독,2
2234,2235,충청남도,천안시,2015,외장형,개,비글,2
2235,2236,충청남도,천안시,2015,인식표,개,비글,2
2236,2237,충청남도,천안시,2015,내장형,개,비글,6
2237,2238,충청남도,천안시,2015,외장형,개,비숑 프리제,19
2238,2239,충청남도,천안시,2015,인식표,개,비숑 프리제,14
2239,2240,충청남도,천안시,2015,내장형,개,비숑 프리제,59
2240,2241,충청남도,천안시,2015,외장형,개,빠삐용,2
2241,2242,충청남도,천안시,2015,내장형,개,빠삐용,5
2242,2243,충청남도,천안시,2015,내장형,개,사모예드,4
2243,2244,충청남도,천안시,2015,외장형,개,삽살개,5
2244,2245,충청남도,천안시,2015,내장형,개,삽살개,5
2245,2246,충청남도,천안시,2015,외장형,개,샤페이,1
2246,2247,충청남도,천안시,2015,인식표,개,샤페이,1
2247,2248,충청남도,천안시,2015,내장형,개,샤페이,1
2248,2249,충청남도,천안시,2015,외장형,개,셔틀랜드 쉽독,3
2249,2250,충청남도,천안시,2015,인식표,개,셔틀랜드 쉽독,1
2250,2251,충청남도,천안시,2015,내장형,개,셔틀랜드 쉽독,6
2251,2252,충청남도,천안시,2015,외장형,개,셰퍼드,1
2252,2253,충청남도,천안시,2015,인식표,개,셰퍼드,2
2253,2254,충청남도,천안시,2015,외장형,개,슈나우져,7
2254,2255,충청남도,천안시,2015,인식표,개,슈나우져,3
2255,2256,충청남도,천안시,2015,내장형,개,슈나우져,15
2256,2257,충청남도,천안시,2015,외장형,개,스탠다드 푸들,3
2257,2258,충청남도,천안시,2015,인식표,개,스탠다드 푸들,2
2258,2259,충청남도,천안시,2015,내장형,개,스탠다드 푸들,4
2259,2260,충청남도,천안시,2015,외장형,개,스피츠,25
2260,2261,충청남도,천안시,2015,인식표,개,스피츠,8
2261,2262,충청남도,천안시,2015,내장형,개,스피츠,54
2262,2263,충청남도,천안시,2013,내장형,개,아메리칸불리,1
2263,2264,충청남도,천안시,2013,내장형,개,알라스칸 말라뮤트,1
2264,2265,충청남도,천안시,2013,외장형,개,올드 잉글리쉬 불독,1
2265,2266,충청남도,천안시,2013,인식표,개,올드 잉글리쉬 불독,1
2266,2267,충청남도,천안시,2013,내장형,개,올드 잉글리쉬 쉽독,4
2267,2268,충청남도,천안시,2013,외장형,개,요크셔 테리어,51
2268,2269,충청남도,천안시,2013,인식표,개,요크셔 테리어,9
2269,2270,충청남도,천안시,2013,내장형,개,요크셔 테리어,41
2270,2271,충청남도,천안시,2013,외장형,개,웰시 코기 카디건,1
2271,2272,충청남도,천안시,2013,내장형,개,웰시 코기 카디건,1
2272,2273,충청남도,천안시,2013,외장형,개,웰시 코기 펨브로크,7
2273,2274,충청남도,천안시,2013,내장형,개,웰시 코기 펨브로크,11
2274,2275,충청남도,천안시,2013,내장형,개,이탈리안 그레이 하운드,1
2275,2276,충청남도,천안시,2013,내장형,개,잉글리쉬 세터,2
2276,2277,충청남도,천안시,2013,외장형,개,잉글리쉬 코카 스파니엘,1
2277,2278,충청남도,천안시,2013,외장형,개,잉글리쉬 포인터,1
2278,2279,충청남도,천안시,2013,인식표,개,잉글리쉬 포인터,1
2279,2280,충청남도,천안시,2013,외장형,개,재패니즈 스피츠,5
2280,2281,충청남도,천안시,2013,인식표,개,재패니즈 스피츠,2
2281,2282,충청남도,천안시,2013,외장형,개,잭 러셀 테리어,2
2282,2283,충청남도,천안시,2013,내장형,개,잭 러셀 테리어,3
2283,2284,충청남도,천안시,2013,내장형,개,제페니즈칭,1
2284,2285,충청남도,천안시,2013,외장형,개,진도견,43
2285,2286,충청남도,천안시,2013,인식표,개,진도견,13
2286,2287,충청남도,천안시,2013,내장형,개,진도견,15
2287,2288,충청남도,천안시,2013,외장형,개,차우차우,1
2288,2289,충청남도,천안시,2013,내장형,개,차우차우,2
2289,2290,충청남도,천안시,2013,외장형,개,치와와,55
2290,2291,충청남도,천안시,2013,인식표,개,치와와,18
2291,2292,충청남도,천안시,2013,내장형,개,치와와,46
2292,2293,충청남도,천안시,2013,인식표,개,카네 코르소,1
2293,2294,충청남도,천안시,2013,내장형,개,카네 코르소,2
2294,2295,충청남도,천안시,2013,외장형,개,코카 스파니엘,11
2295,2296,충청남도,천안시,2013,내장형,개,코카 스파니엘,16
2296,2297,충청남도,천안시,2013,외장형,개,토이 푸들,31
2297,2298,충청남도,천안시,2013,인식표,개,토이 푸들,7
2298,2299,충청남도,천안시,2013,내장형,개,토이 푸들,14
2299,2300,충청남도,천안시,2013,외장형,개,퍼그,6
2300,2301,충청남도,천안시,2013,인식표,개,퍼그,2
2301,2302,충청남도,천안시,2013,내장형,개,퍼그,4
2302,2303,충청남도,천안시,2013,외장형,개,페키니즈,5
2303,2304,충청남도,천안시,2013,인식표,개,페키니즈,3
2304,2305,충청남도,천안시,2013,내장형,개,페키니즈,10
2305,2306,충청남도,천안시,2013,외장형,개,포메라니안,123
2306,2307,충청남도,천안시,2013,인식표,개,포메라니안,26
2307,2308,충청남도,천안시,2013,내장형,개,포메라니안,93
2308,2309,충청남도,천안시,2013,외장형,개,폭스테리어,1
2309,2310,충청남도,천안시,2013,인식표,개,폭스테리어,1
2310,2311,충청남도,천안시,2013,외장형,개,푸들,233
2311,2312,충청남도,천안시,2013,인식표,개,푸들,39
2312,2313,충청남도,천안시,2013,내장형,개,푸들,193
2313,2314,충청남도,천안시,2018,내장형,개,벨기에 그로넨달,1
2314,2315,충청남도,천안시,2018,외장형,개,보더 콜리,4
2315,2316,충청남도,천안시,2018,인식표,개,보더 콜리,3
2316,2317,충청남도,천안시,2018,내장형,개,보더 콜리,14
2317,2318,충청남도,천안시,2018,내장형,개,보르조이,1
2318,2319,충청남도,천안시,2018,외장형,개,보스턴 테리어,2
2319,2320,충청남도,천안시,2018,인식표,개,보스턴 테리어,3
2320,2321,충청남도,천안시,2018,내장형,개,보스턴 테리어,9
2321,2322,충청남도,천안시,2018,내장형,개,불독,2
2322,2323,충청남도,천안시,2018,외장형,개,브리타니 스파니엘,1
2323,2324,충청남도,천안시,2018,외장형,개,비글,3
2324,2325,충청남도,천안시,2018,내장형,개,비글,3
2325,2326,충청남도,천안시,2018,외장형,개,비숑 프리제,57
2326,2327,충청남도,천안시,2018,인식표,개,비숑 프리제,37
2327,2328,충청남도,천안시,2018,내장형,개,비숑 프리제,146
2328,2329,충청남도,천안시,2018,인식표,개,빠삐용,1
2329,2330,충청남도,천안시,2018,내장형,개,빠삐용,5
2330,2331,충청남도,천안시,2018,외장형,개,사모예드,2
2331,2332,충청남도,천안시,2018,인식표,개,사모예드,1
2332,2333,충청남도,천안시,2018,내장형,개,사모예드,5
2333,2334,충청남도,천안시,2018,외장형,개,삽살개,3
2334,2335,충청남도,천안시,2018,인식표,개,삽살개,2
2335,2336,충청남도,천안시,2018,내장형,개,삽살개,7
2336,2337,충청남도,천안시,2018,외장형,개,샤페이,1
2337,2338,충청남도,천안시,2018,내장형,개,샤페이,3
2338,2339,충청남도,천안시,2018,외장형,개,셔틀랜드 쉽독,1
2339,2340,충청남도,천안시,2018,인식표,개,셔틀랜드 쉽독,2
2340,2341,충청남도,천안시,2018,내장형,개,셔틀랜드 쉽독,13
2341,2342,충청남도,천안시,2018,인식표,개,셰퍼드,1
2342,2343,충청남도,천안시,2018,내장형,개,셰퍼드,2
2343,2344,충청남도,천안시,2018,인식표,개,슈나우져,2
2344,2345,충청남도,천안시,2018,내장형,개,슈나우져,6
2345,2346,충청남도,천안시,2018,외장형,개,스탠다드 푸들,2
2346,2347,충청남도,천안시,2018,인식표,개,스탠다드 푸들,2
2347,2348,충청남도,천안시,2018,내장형,개,스탠다드 푸들,7
2348,2349,충청남도,천안시,2018,외장형,개,스피츠,15
2349,2350,충청남도,천안시,2018,인식표,개,스피츠,8
2350,2351,충청남도,천안시,2018,내장형,개,스피츠,35
2351,2352,충청남도,천안시,2018,외장형,개,시바,10
2352,2353,충청남도,천안시,2018,인식표,개,시바,8
2353,2354,충청남도,천안시,2018,내장형,개,시바,30
2354,2355,충청남도,천안시,2018,외장형,개,시베리안 허스키,6
2355,2356,충청남도,천안시,2018,인식표,개,시베리안 허스키,3
2356,2357,충청남도,천안시,2018,내장형,개,시베리안 허스키,15
2357,2358,충청남도,천안시,2018,외장형,개,시츄,20
2358,2359,충청남도,천안시,2018,인식표,개,시츄,11
2359,2360,충청남도,천안시,2018,내장형,개,시츄,49
2360,2361,충청남도,천안시,2018,내장형,개,실키테리어,1
2361,2362,충청남도,천안시,2018,내장형,개,아나톨리안 셰퍼드,1
2362,2363,충청남도,천안시,2018,인식표,개,아메리칸 코카 스파니엘,1
2363,2364,충청남도,천안시,2018,내장형,개,아메리칸 코카 스파니엘,1
2364,2365,충청남도,천안시,2023,외장형,개,골든 리트리버,17
2365,2366,충청남도,천안시,2023,내장형,개,골든 리트리버,3
2366,2367,충청남도,천안시,2023,외장형,개,그레이 하운드,1
2367,2368,충청남도,천안시,2023,외장형,개,기타,90
2368,2369,충청남도,천안시,2023,내장형,개,기타,7
2369,2370,충청남도,천안시,2023,외장형,개,꼬똥 드 뚤레아,4
2370,2371,충청남도,천안시,2023,내장형,개,꼬똥 드 뚤레아,4
2371,2372,충청남도,천안시,2023,외장형,개,닥스훈트,13
2372,2373,충청남도,천안시,2023,내장형,개,닥스훈트,2
2373,2374,충청남도,천안시,2023,외장형,개,달마시안,3
2374,2375,충청남도,천안시,2023,외장형,개,도베르만,2
2375,2376,충청남도,천안시,2023,내장형,개,도베르만,1
2376,2377,충청남도,천안시,2023,외장형,개,라브라도 리트리버,6
2377,2378,충청남도,천안시,2023,내장형,개,라브라도 리트리버,4
2378,2379,충청남도,천안시,2023,내장형,개,라이카,1
2379,2380,충청남도,천안시,2023,외장형,개,마스티프,2
2380,2381,충청남도,천안시,2023,외장형,개,말티즈,145
2381,2382,충청남도,천안시,2023,내장형,개,말티즈,18
2382,2383,충청남도,천안시,2023,외장형,개,미니어쳐 슈나우저,1
2383,2384,충청남도,천안시,2023,내장형,개,미니어쳐 슈나우저,1
2384,2385,충청남도,천안시,2023,외장형,개,미니어쳐 푸들,9
2385,2386,충청남도,천안시,2023,내장형,개,미니어쳐 핀셔,2
2386,2387,충청남도,천안시,2011,외장형,개,셔틀랜드 쉽독,1
2387,2388,충청남도,천안시,2011,내장형,개,셔틀랜드 쉽독,1
2388,2389,충청남도,천안시,2011,외장형,개,셰퍼드,2
2389,2390,충청남도,천안시,2011,내장형,개,셰퍼드,1
2390,2391,충청남도,천안시,2011,외장형,개,슈나우져,15
2391,2392,충청남도,천안시,2011,인식표,개,슈나우져,2
2392,2393,충청남도,천안시,2011,내장형,개,슈나우져,9
2393,2394,충청남도,천안시,2011,외장형,개,스코티쉬 테리어,1
2394,2395,충청남도,천안시,2011,내장형,개,스탠다드 푸들,1
2395,2396,충청남도,천안시,2011,외장형,개,스피츠,29
2396,2397,충청남도,천안시,2011,인식표,개,스피츠,4
2397,2398,충청남도,천안시,2011,내장형,개,스피츠,18
2398,2399,충청남도,천안시,2011,외장형,개,시츄,90
2399,2400,충청남도,천안시,2011,인식표,개,시츄,19
2400,2401,충청남도,천안시,2011,내장형,개,시츄,48
2401,2402,충청남도,천안시,2011,외장형,개,실키테리어,1
2402,2403,충청남도,천안시,2011,내장형,개,실키테리어,1
2403,2404,충청남도,천안시,2011,내장형,개,아메리칸 코카 스파니엘,2
2404,2405,충청남도,천안시,2011,외장형,개,아메리칸 핏불 테리어,1
2405,2406,충청남도,천안시,2011,인식표,개,아키다,1
2406,2407,충청남도,천안시,2011,내장형,개,알라스칸 말라뮤트,1
2407,2408,충청남도,천안시,2011,내장형,개,올드 잉글리쉬 쉽독,1
2408,2409,충청남도,천안시,2011,외장형,개,요크셔 테리어,59
2409,2410,충청남도,천안시,2011,인식표,개,요크셔 테리어,17
2410,2411,충청남도,천안시,2011,내장형,개,요크셔 테리어,31
2411,2412,충청남도,천안시,2011,외장형,개,웰시 코기 펨브로크,5
2412,2413,충청남도,천안시,2011,내장형,개,웰시 코기 펨브로크,5
2413,2414,충청남도,천안시,2011,외장형,개,이탈리안 그레이 하운드,2
2414,2415,충청남도,천안시,2011,내장형,개,잉글리쉬 세터,1
2415,2416,충청남도,천안시,2010,외장형,개,믹스견,76
2416,2417,충청남도,천안시,2010,인식표,개,믹스견,11
2417,2418,충청남도,천안시,2010,내장형,개,믹스견,35
2418,2419,충청남도,천안시,2010,외장형,개,보더 콜리,2
2419,2420,충청남도,천안시,2010,외장형,개,보스턴 테리어,2
2420,2421,충청남도,천안시,2010,내장형,개,보스턴 테리어,3
2421,2422,충청남도,천안시,2010,외장형,개,불독,1
2422,2423,충청남도,천안시,2010,외장형,개,비글,3
2423,2424,충청남도,천안시,2010,인식표,개,비글,1
2424,2425,충청남도,천안시,2010,내장형,개,비글,3
2425,2426,충청남도,천안시,2010,외장형,개,비숑 프리제,2
2426,2427,충청남도,천안시,2010,인식표,개,비숑 프리제,1
2427,2428,충청남도,천안시,2010,내장형,개,비숑 프리제,3
2428,2429,충청남도,천안시,2010,외장형,개,빠삐용,1
2429,2430,충청남도,천안시,2010,내장형,개,빠삐용,1
2430,2431,충청남도,천안시,2010,외장형,개,사모예드,1
2431,2432,충청남도,천안시,2010,내장형,개,사모예드,1
2432,2433,충청남도,천안시,2010,외장형,개,삽살개,1
2433,2434,충청남도,천안시,2010,내장형,개,삽살개,3
2434,2435,충청남도,천안시,2010,내장형,개,샤페이,1
2435,2436,충청남도,천안시,2010,인식표,개,셔틀랜드 쉽독,1
2436,2437,충청남도,천안시,2010,내장형,개,셰퍼드,2
2437,2438,충청남도,천안시,2010,외장형,개,슈나우져,7
2438,2439,충청남도,천안시,2010,인식표,개,슈나우져,1
2439,2440,충청남도,천안시,2010,내장형,개,슈나우져,5
2440,2441,충청남도,천안시,2010,외장형,개,스피츠,21
2441,2442,충청남도,천안시,2010,인식표,개,스피츠,6
2442,2443,충청남도,천안시,2010,내장형,개,스피츠,12
2443,2444,충청남도,천안시,2010,외장형,개,시츄,91
2444,2445,충청남도,천안시,2010,인식표,개,시츄,12
2445,2446,충청남도,천안시,2010,내장형,개,시츄,56
2446,2447,충청남도,천안시,2010,외장형,개,아메리칸 코카 스파니엘,1
2447,2448,충청남도,천안시,2010,인식표,개,아메리칸 코카 스파니엘,1
2448,2449,충청남도,천안시,2010,내장형,개,아메리칸 코카 스파니엘,1
2449,2450,충청남도,천안시,2010,외장형,개,아프간 하운드,1
2450,2451,충청남도,천안시,2010,외장형,개,요크셔 테리어,71
2451,2452,충청남도,천안시,2010,인식표,개,요크셔 테리어,10
2452,2453,충청남도,천안시,2010,내장형,개,요크셔 테리어,36
2453,2454,충청남도,천안시,2010,외장형,개,웰시 코기 펨브로크,3
2454,2455,충청남도,천안시,2010,내장형,개,웰시 코기 펨브로크,1
2455,2456,충청남도,천안시,2010,외장형,개,이탈리안 그레이 하운드,1
2456,2457,충청남도,천안시,2010,외장형,개,잉글리쉬 코카 스파니엘,1
2457,2458,충청남도,천안시,2010,내장형,개,잉글리쉬 코카 스파니엘,1
2458,2459,충청남도,천안시,2010,외장형,개,진도견,18
2459,2460,충청남도,천안시,2010,인식표,개,진도견,4
2460,2461,충청남도,천안시,2010,내장형,개,진도견,4
2461,2462,충청남도,천안시,2010,외장형,개,차이니즈 크레스티드 독,1
2462,2463,충청남도,천안시,2010,외장형,개,치와와,16
2463,2464,충청남도,천안시,2010,인식표,개,치와와,4
2464,2465,충청남도,천안시,2010,내장형,개,치와와,11
2465,2466,충청남도,천안시,2010,외장형,개,코카 스파니엘,15
2466,2467,충청남도,천안시,2015,외장형,개,시바,2
2467,2468,충청남도,천안시,2015,인식표,개,시바,3
2468,2469,충청남도,천안시,2015,내장형,개,시바,6
2469,2470,충청남도,천안시,2015,외장형,개,시베리안 허스키,4
2470,2471,충청남도,천안시,2015,내장형,개,시베리안 허스키,2
2471,2472,충청남도,천안시,2015,외장형,개,시츄,38
2472,2473,충청남도,천안시,2015,인식표,개,시츄,21
2473,2474,충청남도,천안시,2019,외장형,개,보스턴 테리어,4
2474,2475,충청남도,천안시,2019,인식표,개,보스턴 테리어,1
2475,2476,충청남도,천안시,2019,내장형,개,보스턴 테리어,5
2476,2477,충청남도,천안시,2019,내장형,개,비글,2
2477,2478,충청남도,천안시,2019,외장형,개,비숑 프리제,73
2478,2479,충청남도,천안시,2019,인식표,개,비숑 프리제,60
2479,2480,충청남도,천안시,2019,내장형,개,비숑 프리제,185
2480,2481,충청남도,천안시,2019,외장형,개,빠삐용,1
2481,2482,충청남도,천안시,2019,인식표,개,빠삐용,1
2482,2483,충청남도,천안시,2019,내장형,개,빠삐용,3
2483,2484,충청남도,천안시,2019,외장형,개,사모예드,1
2484,2485,충청남도,천안시,2019,인식표,개,사모예드,1
2485,2486,충청남도,천안시,2019,내장형,개,사모예드,7
2486,2487,충청남도,천안시,2019,내장형,개,삽살개,3
2487,2488,충청남도,천안시,2019,외장형,개,샤페이,2
2488,2489,충청남도,천안시,2019,내장형,개,샤페이,1
2489,2490,충청남도,천안시,2019,외장형,개,셔틀랜드 쉽독,2
2490,2491,충청남도,천안시,2019,내장형,개,셔틀랜드 쉽독,5
2491,2492,충청남도,천안시,2019,인식표,개,셰퍼드,2
2492,2493,충청남도,천안시,2019,내장형,개,셰퍼드,2
2493,2494,충청남도,천안시,2019,외장형,개,슈나우져,3
2494,2495,충청남도,천안시,2019,인식표,개,슈나우져,3
2495,2496,충청남도,천안시,2019,내장형,개,슈나우져,6
2496,2497,충청남도,천안시,2019,내장형,개,스코티쉬 테리어,1
2497,2498,충청남도,천안시,2019,외장형,개,스탠다드 푸들,1
2498,2499,충청남도,천안시,2019,인식표,개,스탠다드 푸들,2
2499,2500,충청남도,천안시,2019,내장형,개,스탠다드 푸들,4
2500,2501,충청남도,천안시,2019,외장형,개,스피츠,6
2501,2502,충청남도,천안시,2019,인식표,개,스피츠,3
2502,2503,충청남도,천안시,2019,내장형,개,스피츠,36
2503,2504,충청남도,천안시,2019,외장형,개,시바,13
2504,2505,충청남도,천안시,2019,인식표,개,시바,10
2505,2506,충청남도,천안시,2019,내장형,개,시바,42
2506,2507,충청남도,천안시,2019,외장형,개,시베리안 허스키,4
2507,2508,충청남도,천안시,2019,인식표,개,시베리안 허스키,2
2508,2509,충청남도,천안시,2019,내장형,개,시베리안 허스키,12
2509,2510,충청남도,천안시,2019,외장형,개,시츄,15
2510,2511,충청남도,천안시,2019,인식표,개,시츄,9
2511,2512,충청남도,천안시,2019,내장형,개,시츄,40
2512,2513,충청남도,천안시,2019,내장형,개,아나톨리안 셰퍼드,1
2513,2514,충청남도,천안시,2019,외장형,개,아메리칸 코카 스파니엘,1
2514,2515,충청남도,천안시,2019,내장형,개,아메리칸 코카 스파니엘,2
2515,2516,충청남도,천안시,2019,외장형,개,아메리칸불리,1
2516,2517,충청남도,천안시,2019,인식표,개,아메리칸불리,3
2517,2518,충청남도,천안시,2019,내장형,개,아메리칸불리,4
2518,2519,충청남도,천안시,2019,외장형,개,아키다,1
2519,2520,충청남도,천안시,2019,내장형,개,아키다,2
2520,2521,충청남도,천안시,2019,내장형,개,에어델 테리어,1
2521,2522,충청남도,천안시,2019,내장형,개,올드 잉글리쉬 불독,4
2522,2523,충청남도,천안시,2019,외장형,개,올드 잉글리쉬 쉽독,4
2523,2524,충청남도,천안시,2019,인식표,개,올드 잉글리쉬 쉽독,1
